subject#,age,sex,test_time,probabilidade,resultado
1,72,0,5.6431,79.34,1
1,72,0,12.666,32.31,0
1,72,0,19.681,98.32,1
1,72,0,25.647,98.86,1
1,72,0,33.642,97.74,1
1,72,0,40.652,97.27,1
1,72,0,47.649,98.28,1
1,72,0,54.64,99.37,1
1,72,0,61.669,98.01,1
1,72,0,68.688,98.52,1
1,72,0,75.653,95.15,1
1,72,0,82.653,96.59,1
1,72,0,89.635,96.59,1
1,72,0,96.633,87.55,1
1,72,0,103.64,95.53,1
1,72,0,110.65,97.02,1
1,72,0,117.66,99.04,1
1,72,0,124.64,99.04,1
1,72,0,131.64,95.33,1
1,72,0,139.69,96.23,1
1,72,0,145.64,93.2,1
1,72,0,152.64,99.04,1
1,72,0,159.64,96.16,1
1,72,0,174.66,97.63,1
1,72,0,5.6431,97.66,1
1,72,0,12.667,99.04,1
1,72,0,19.682,97.74,1
1,72,0,25.647,49.01,0
1,72,0,33.643,98.3,1
1,72,0,40.652,98.7,1
1,72,0,47.649,98.22,1
1,72,0,54.64,99.04,1
1,72,0,61.669,88.85,1
1,72,0,68.688,95.18,1
1,72,0,75.654,94.69,1
1,72,0,82.653,99.04,1
1,72,0,89.635,99.04,1
1,72,0,96.634,93.5,1
1,72,0,103.64,99.03,1
1,72,0,110.65,98.87,1
1,72,0,117.67,99.04,1
1,72,0,124.64,99.04,1
1,72,0,131.64,97.27,1
1,72,0,139.69,95.14,1
1,72,0,145.64,95.27,1
1,72,0,152.64,93.17,1
1,72,0,159.64,95.75,1
1,72,0,166.64,95.94,1
1,72,0,174.66,97.27,1
1,72,0,5.6438,99.18,1
1,72,0,12.667,66.96,1
1,72,0,19.682,98.73,1
1,72,0,25.648,96.3,1
1,72,0,33.644,99.04,1
1,72,0,40.653,97.5,1
1,72,0,47.649,99.09,1
1,72,0,54.64,97.16,1
1,72,0,61.669,99.04,1
1,72,0,68.688,99.37,1
1,72,0,75.654,98.28,1
1,72,0,82.654,92.65,1
1,72,0,89.635,97.74,1
1,72,0,96.634,96.22,1
1,72,0,103.64,61.46,1
1,72,0,110.65,92.55,1
1,72,0,117.67,99.37,1
1,72,0,124.64,88.97,1
1,72,0,131.64,95.61,1
1,72,0,139.69,90.72,1
1,72,0,145.64,98.7,1
1,72,0,152.64,98.86,1
1,72,0,159.64,95.84,1
1,72,0,166.64,98.73,1
1,72,0,174.66,97.64,1
1,72,0,5.6451,61.46,1
1,72,0,12.669,99.37,1
1,72,0,19.684,99.14,1
1,72,0,25.649,88.84,1
1,72,0,33.645,97.0,1
1,72,0,40.654,94.22,1
1,72,0,47.651,97.07,1
1,72,0,54.642,98.86,1
1,72,0,61.671,97.0,1
1,72,0,68.69,99.37,1
1,72,0,75.656,99.04,1
1,72,0,82.656,93.41,1
1,72,0,89.637,93.75,1
1,72,0,96.636,92.44,1
1,72,0,103.64,95.18,1
1,72,0,110.65,98.3,1
1,72,0,117.67,98.52,1
1,72,0,124.65,90.24,1
1,72,0,131.64,98.75,1
1,72,0,139.69,94.42,1
1,72,0,145.64,97.98,1
1,72,0,152.64,96.5,1
1,72,0,159.64,92.37,1
1,72,0,166.64,92.23,1
1,72,0,174.66,99.32,1
1,72,0,5.6458,96.59,1
1,72,0,12.669,98.01,1
1,72,0,19.684,98.99,1
1,72,0,25.649,99.03,1
1,72,0,33.646,98.82,1
1,72,0,40.655,88.71,1
1,72,0,47.651,98.26,1
1,72,0,54.642,97.08,1
1,72,0,61.672,94.35,1
1,72,0,68.69,98.48,1
1,72,0,75.656,99.04,1
1,72,0,82.656,98.65,1
1,72,0,89.637,95.09,1
1,72,0,96.637,96.82,1
1,72,0,103.64,92.55,1
1,72,0,110.65,97.15,1
1,72,0,117.67,92.53,1
1,72,0,124.65,94.14,1
1,72,0,131.65,91.58,1
1,72,0,139.69,97.33,1
1,72,0,145.64,91.53,1
1,72,0,152.65,98.7,1
1,72,0,159.64,99.11,1
1,72,0,166.64,97.91,1
1,72,0,174.66,98.98,1
1,72,0,5.6458,83.06,1
1,72,0,12.669,98.8,1
1,72,0,19.685,75.55,1
1,72,0,25.65,96.25,1
1,72,0,33.646,98.9,1
1,72,0,40.655,95.85,1
1,72,0,47.652,96.59,1
1,72,0,54.642,99.18,1
1,72,0,61.672,97.97,1
1,72,0,68.691,99.04,1
1,72,0,75.657,98.29,1
1,72,0,82.656,97.61,1
1,72,0,89.638,61.46,1
1,72,0,96.637,98.52,1
1,72,0,103.64,99.29,1
1,72,0,110.66,97.18,1
1,72,0,117.67,98.83,1
1,72,0,124.65,96.66,1
1,72,0,131.65,86.21,1
1,72,0,139.69,98.13,1
1,72,0,145.64,61.46,1
1,72,0,152.65,90.51,1
1,72,0,159.64,96.3,1
1,72,0,166.64,66.96,1
1,72,0,174.66,99.37,1
2,58,0,3.866,99.66,1
2,58,0,10.815,99.81,1
2,58,0,17.772,99.81,1
2,58,0,24.808,99.61,1
2,58,0,31.815,99.73,1
2,58,0,38.713,99.78,1
2,58,0,45.8,99.78,1
2,58,0,54.767,99.61,1
2,58,0,59.8,99.78,1
2,58,0,68.728,99.78,1
2,58,0,73.803,99.78,1
2,58,0,80.749,99.81,1
2,58,0,90.799,99.81,1
2,58,0,94.774,99.81,1
2,58,0,99.36,99.81,1
2,58,0,110.71,99.81,1
2,58,0,115.8,99.81,1
2,58,0,122.81,98.53,1
2,58,0,136.8,99.66,1
2,58,0,143.83,99.81,1
2,58,0,150.8,99.81,1
2,58,0,157.8,99.81,1
2,58,0,166.76,99.78,1
2,58,0,171.8,99.81,1
2,58,0,178.8,99.61,1
2,58,0,3.866,99.81,1
2,58,0,10.815,97.26,1
2,58,0,17.772,99.66,1
2,58,0,24.808,99.81,1
2,58,0,31.815,99.73,1
2,58,0,38.713,99.78,1
2,58,0,45.8,99.81,1
2,58,0,54.767,99.73,1
2,58,0,59.801,99.47,1
2,58,0,68.728,99.78,1
2,58,0,73.803,99.23,1
2,58,0,90.799,99.66,1
2,58,0,94.775,99.81,1
2,58,0,99.361,99.35,1
2,58,0,110.71,99.81,1
2,58,0,115.8,99.81,1
2,58,0,122.81,99.25,1
2,58,0,136.8,99.81,1
2,58,0,143.83,99.81,1
2,58,0,150.8,99.81,1
2,58,0,157.8,99.66,1
2,58,0,166.76,99.78,1
2,58,0,171.8,99.81,1
2,58,0,178.8,91.34,1
2,58,0,3.866,99.78,1
2,58,0,10.815,99.78,1
2,58,0,17.773,99.35,1
2,58,0,24.808,99.61,1
2,58,0,31.815,99.61,1
2,58,0,38.713,99.78,1
2,58,0,45.801,99.61,1
2,58,0,54.767,99.25,1
2,58,0,59.801,99.25,1
2,58,0,68.728,99.78,1
2,58,0,73.803,99.24,1
2,58,0,80.75,99.78,1
2,58,0,90.799,99.81,1
2,58,0,94.775,99.66,1
2,58,0,99.361,99.81,1
2,58,0,110.71,99.81,1
2,58,0,115.8,99.58,1
2,58,0,122.81,99.25,1
2,58,0,136.8,99.81,1
2,58,0,143.83,99.81,1
2,58,0,150.8,98.32,1
2,58,0,157.8,99.66,1
2,58,0,166.76,99.25,1
2,58,0,171.8,99.81,1
2,58,0,178.8,91.38,1
2,58,0,3.8674,99.81,1
2,58,0,10.817,99.66,1
2,58,0,17.774,99.66,1
2,58,0,24.81,99.61,1
2,58,0,31.817,99.25,1
2,58,0,38.715,99.68,1
2,58,0,45.802,99.81,1
2,58,0,54.769,99.61,1
2,58,0,59.802,99.58,1
2,58,0,68.729,99.81,1
2,58,0,73.805,99.78,1
2,58,0,80.751,99.81,1
2,58,0,90.801,99.66,1
2,58,0,94.776,99.81,1
2,58,0,99.363,99.81,1
2,58,0,110.71,99.78,1
2,58,0,115.8,99.81,1
2,58,0,122.81,99.78,1
2,58,0,136.8,99.58,1
2,58,0,143.83,99.81,1
2,58,0,150.8,98.93,1
2,58,0,157.8,99.81,1
2,58,0,166.76,99.25,1
2,58,0,171.8,99.81,1
2,58,0,178.8,98.53,1
2,58,0,3.8681,99.66,1
2,58,0,10.817,99.25,1
2,58,0,17.774,99.81,1
2,58,0,24.81,99.37,1
2,58,0,38.715,98.33,1
2,58,0,45.802,99.81,1
2,58,0,54.769,99.42,1
2,58,0,59.802,98.07,1
2,58,0,68.729,99.78,1
2,58,0,73.806,99.78,1
2,58,0,80.751,99.77,1
2,58,0,90.801,99.81,1
2,58,0,94.776,99.77,1
2,58,0,99.363,99.81,1
2,58,0,110.71,98.17,1
2,58,0,115.8,99.81,1
2,58,0,122.81,74.42,1
2,58,0,136.8,99.66,1
2,58,0,143.83,99.81,1
2,58,0,150.8,98.05,1
2,58,0,157.8,99.2,1
2,58,0,166.76,58.99,1
2,58,0,171.8,99.58,1
2,58,0,178.8,99.74,1
2,58,0,3.8681,99.66,1
2,58,0,10.817,99.61,1
2,58,0,24.81,99.73,1
2,58,0,31.817,99.25,1
2,58,0,38.715,63.88,1
2,58,0,45.802,99.81,1
2,58,0,54.769,99.78,1
2,58,0,59.803,98.44,1
2,58,0,68.73,99.81,1
2,58,0,73.806,99.66,1
2,58,0,80.752,99.58,1
2,58,0,90.801,99.61,1
2,58,0,94.777,99.81,1
2,58,0,99.363,99.58,1
2,58,0,110.71,99.66,1
2,58,0,115.81,99.81,1
2,58,0,122.81,99.73,1
2,58,0,150.8,93.44,1
2,58,0,157.8,99.66,1
2,58,0,166.76,98.07,1
2,58,0,171.8,99.66,1
2,58,0,178.8,99.51,1
3,57,0,7.2882,82.51,1
3,57,0,14.269,78.54,1
3,57,0,21.247,68.83,1
3,57,0,28.258,15.51,0
3,57,0,35.257,81.61,1
3,57,0,42.312,54.8,1
3,57,0,49.269,91.19,1
3,57,0,56.272,99.04,1
3,57,0,63.297,97.21,1
3,57,0,70.29,81.35,1
3,57,0,77.309,96.3,1
3,57,0,84.281,92.69,1
3,57,0,91.302,97.53,1
3,57,0,98.349,36.22,0
3,57,0,105.28,89.22,1
3,57,0,112.28,54.35,1
3,57,0,119.34,90.82,1
3,57,0,126.26,92.0,1
3,57,0,134.29,99.04,1
3,57,0,140.29,97.25,1
3,57,0,147.3,83.06,1
3,57,0,154.3,97.27,1
3,57,0,161.28,89.22,1
3,57,0,168.27,61.46,1
3,57,0,7.2882,99.04,1
3,57,0,14.269,80.28,1
3,57,0,21.247,66.96,1
3,57,0,28.258,21.6,0
3,57,0,35.257,92.15,1
3,57,0,42.313,88.71,1
3,57,0,49.27,97.64,1
3,57,0,56.272,88.64,1
3,57,0,63.297,66.96,1
3,57,0,70.29,87.94,1
3,57,0,77.309,83.06,1
3,57,0,84.281,95.68,1
3,57,0,91.303,93.21,1
3,57,0,98.349,92.37,1
3,57,0,105.28,72.77,1
3,57,0,112.28,33.63,0
3,57,0,119.34,97.78,1
3,57,0,126.26,96.3,1
3,57,0,134.29,97.13,1
3,57,0,140.29,66.96,1
3,57,0,147.3,53.28,1
3,57,0,154.3,59.26,1
3,57,0,161.28,88.8,1
3,57,0,168.27,95.66,1
3,57,0,7.2882,98.84,1
3,57,0,14.27,93.9,1
3,57,0,21.247,97.74,1
3,57,0,28.258,96.64,1
3,57,0,35.258,98.48,1
3,57,0,42.313,27.08,0
3,57,0,49.27,98.52,1
3,57,0,56.272,87.57,1
3,57,0,63.297,64.39,1
3,57,0,70.29,83.52,1
3,57,0,77.309,75.55,1
3,57,0,84.281,95.68,1
3,57,0,91.303,90.95,1
3,57,0,98.349,44.77,0
3,57,0,105.28,94.27,1
3,57,0,112.28,94.42,1
3,57,0,119.34,96.78,1
3,57,0,126.26,66.96,1
3,57,0,134.29,98.68,1
3,57,0,140.29,96.3,1
3,57,0,147.3,95.66,1
3,57,0,154.3,78.54,1
3,57,0,161.28,92.55,1
3,57,0,168.27,97.24,1
3,57,0,7.2896,93.74,1
3,57,0,14.272,85.24,1
3,57,0,21.249,91.06,1
3,57,0,28.26,85.95,1
3,57,0,35.259,90.38,1
3,57,0,42.314,5.48,0
3,57,0,49.272,92.13,1
3,57,0,56.274,28.53,0
3,57,0,63.298,94.25,1
3,57,0,70.292,78.83,1
3,57,0,77.31,95.43,1
3,57,0,84.283,49.78,0
3,57,0,91.304,65.44,1
3,57,0,98.351,91.68,1
3,57,0,105.28,86.06,1
3,57,0,112.28,89.08,1
3,57,0,119.34,99.29,1
3,57,0,126.26,75.55,1
3,57,0,134.29,92.55,1
3,57,0,140.29,24.12,0
3,57,0,147.3,90.27,1
3,57,0,154.31,98.26,1
3,57,0,161.28,39.41,0
3,57,0,168.27,94.42,1
3,57,0,7.2903,98.68,1
3,57,0,14.272,89.46,1
3,57,0,21.249,97.37,1
3,57,0,28.26,74.57,1
3,57,0,35.259,90.15,1
3,57,0,42.314,85.0,1
3,57,0,49.272,93.52,1
3,57,0,56.274,88.46,1
3,57,0,63.299,66.96,1
3,57,0,70.292,92.46,1
3,57,0,77.311,94.99,1
3,57,0,84.283,98.01,1
3,57,0,91.305,92.55,1
3,57,0,98.351,88.46,1
3,57,0,105.28,97.78,1
3,57,0,112.28,97.33,1
3,57,0,119.34,90.99,1
3,57,0,126.26,93.69,1
3,57,0,134.29,96.71,1
3,57,0,140.29,97.83,1
3,57,0,147.3,45.88,0
3,57,0,154.31,83.39,1
3,57,0,161.28,93.7,1
3,57,0,168.27,97.15,1
3,57,0,7.2903,98.48,1
3,57,0,14.272,96.81,1
3,57,0,21.249,98.22,1
3,57,0,28.26,94.69,1
3,57,0,35.26,95.04,1
3,57,0,42.315,98.52,1
3,57,0,49.272,95.86,1
3,57,0,56.274,99.04,1
3,57,0,63.299,95.14,1
3,57,0,70.292,61.46,1
3,57,0,77.311,93.52,1
3,57,0,84.283,98.52,1
3,57,0,91.305,92.32,1
3,57,0,98.351,98.01,1
3,57,0,105.28,91.75,1
3,57,0,112.28,96.9,1
3,57,0,119.34,97.26,1
3,57,0,126.26,54.15,1
3,57,0,134.29,91.72,1
3,57,0,140.29,96.81,1
3,57,0,147.3,95.64,1
3,57,0,154.31,67.68,1
3,57,0,161.28,94.82,1
3,57,0,168.27,95.75,1
4,74,0,9.6868,91.47,1
4,74,0,16.693,91.47,1
4,74,0,23.697,90.89,1
4,74,0,30.722,99.04,1
4,74,0,38.656,99.78,1
4,74,0,44.688,97.5,1
4,74,0,51.701,91.47,1
4,74,0,58.702,99.04,1
4,74,0,65.741,92.52,1
4,74,0,72.68,99.7,1
4,74,0,79.667,81.25,1
4,74,0,92.551,99.04,1
4,74,0,101.72,98.73,1
4,74,0,107.73,99.74,1
4,74,0,114.7,99.04,1
4,74,0,121.8,91.47,1
4,74,0,128.76,99.04,1
4,74,0,135.73,99.04,1
4,74,0,142.7,99.04,1
4,74,0,149.78,91.47,1
4,74,0,156.71,99.04,1
4,74,0,164.53,99.04,1
4,74,0,170.76,99.04,1
4,74,0,9.6875,91.47,1
4,74,0,16.693,86.21,1
4,74,0,23.697,99.04,1
4,74,0,30.722,97.5,1
4,74,0,38.656,99.61,1
4,74,0,44.688,99.04,1
4,74,0,51.701,97.09,1
4,74,0,58.702,97.5,1
4,74,0,65.742,99.04,1
4,74,0,72.681,99.74,1
4,74,0,79.667,95.33,1
4,74,0,92.552,72.41,1
4,74,0,101.72,99.04,1
4,74,0,107.73,99.78,1
4,74,0,114.7,95.18,1
4,74,0,121.8,91.47,1
4,74,0,128.76,77.24,1
4,74,0,135.73,72.41,1
4,74,0,142.7,75.88,1
4,74,0,149.78,81.25,1
4,74,0,156.71,99.04,1
4,74,0,164.53,72.41,1
4,74,0,170.76,99.04,1
4,74,0,16.694,98.01,1
4,74,0,23.698,93.92,1
4,74,0,30.722,42.06,0
4,74,0,38.656,95.33,1
4,74,0,44.688,99.04,1
4,74,0,51.701,91.47,1
4,74,0,58.703,99.04,1
4,74,0,65.742,98.28,1
4,74,0,72.681,99.25,1
4,74,0,79.668,95.68,1
4,74,0,92.552,86.65,1
4,74,0,101.72,90.89,1
4,74,0,107.73,99.78,1
4,74,0,114.7,95.18,1
4,74,0,121.8,97.09,1
4,74,0,128.76,97.5,1
4,74,0,135.73,42.06,0
4,74,0,142.7,81.25,1
4,74,0,149.78,97.5,1
4,74,0,156.71,97.5,1
4,74,0,164.53,57.01,1
4,74,0,170.76,90.89,1
4,74,0,9.6889,91.47,1
4,74,0,16.695,98.73,1
4,74,0,23.699,91.47,1
4,74,0,30.724,97.5,1
4,74,0,38.658,42.06,0
4,74,0,44.69,95.18,1
4,74,0,51.703,95.18,1
4,74,0,58.704,81.25,1
4,74,0,65.743,99.78,1
4,74,0,72.682,99.64,1
4,74,0,79.669,10.51,0
4,74,0,92.553,42.06,0
4,74,0,101.72,91.79,1
4,74,0,107.73,98.52,1
4,74,0,114.7,90.34,1
4,74,0,121.8,44.87,0
4,74,0,128.76,57.01,1
4,74,0,135.73,90.89,1
4,74,0,142.7,95.68,1
4,74,0,149.78,42.06,0
4,74,0,156.71,97.5,1
4,74,0,164.53,91.47,1
4,74,0,170.76,99.04,1
4,74,0,9.6889,95.68,1
4,74,0,16.695,92.52,1
4,74,0,23.699,11.72,0
4,74,0,30.724,93.99,1
4,74,0,38.658,99.64,1
4,74,0,44.69,92.52,1
4,74,0,51.703,95.33,1
4,74,0,58.704,91.47,1
4,74,0,65.743,95.22,1
4,74,0,72.682,99.05,1
4,74,0,79.669,11.72,0
4,74,0,92.553,91.79,1
4,74,0,101.72,99.04,1
4,74,0,107.73,99.04,1
4,74,0,114.7,95.18,1
4,74,0,121.8,97.5,1
4,74,0,128.76,97.02,1
4,74,0,135.73,90.89,1
4,74,0,142.7,86.21,1
4,74,0,149.78,91.79,1
4,74,0,156.71,91.47,1
4,74,0,164.53,95.18,1
4,74,0,170.76,97.5,1
4,74,0,9.6896,92.52,1
4,74,0,16.695,44.87,0
4,74,0,23.7,42.06,0
4,74,0,30.724,91.79,1
4,74,0,38.658,99.04,1
4,74,0,44.69,97.5,1
4,74,0,51.703,90.89,1
4,74,0,58.705,90.89,1
4,74,0,65.744,99.78,1
4,74,0,72.683,95.18,1
4,74,0,79.67,44.87,0
4,74,0,92.554,95.18,1
4,74,0,101.72,97.02,1
4,74,0,107.73,99.64,1
4,74,0,114.7,81.25,1
4,74,0,121.8,92.52,1
4,74,0,128.76,99.04,1
4,74,0,135.73,72.41,1
4,74,0,142.7,99.04,1
4,74,0,149.78,97.5,1
4,74,0,156.71,97.5,1
4,74,0,164.53,91.47,1
4,74,0,170.76,97.5,1
5,75,0,58.579,99.64,1
5,75,0,63.388,98.73,1
5,75,0,70.403,99.04,1
5,75,0,77.368,99.04,1
5,75,0,84.389,97.02,1
5,75,0,91.394,99.04,1
5,75,0,98.408,99.64,1
5,75,0,105.39,99.78,1
5,75,0,112.38,99.04,1
5,75,0,119.37,99.28,1
5,75,0,126.42,98.01,1
5,75,0,133.37,98.12,1
5,75,0,140.39,91.47,1
5,75,0,147.34,99.04,1
5,75,0,154.32,99.04,1
5,75,0,161.24,99.78,1
5,75,0,168.39,99.64,1
5,75,0,14.376,99.04,1
5,75,0,21.336,96.62,1
5,75,0,28.378,97.09,1
5,75,0,35.415,98.74,1
5,75,0,42.406,98.68,1
5,75,0,49.363,99.04,1
5,75,0,56.428,99.04,1
5,75,0,58.56,99.78,1
5,75,0,7.3597,99.04,1
5,75,0,58.58,99.04,1
5,75,0,63.389,72.41,1
5,75,0,70.403,91.79,1
5,75,0,77.369,81.25,1
5,75,0,84.39,99.04,1
5,75,0,91.394,97.5,1
5,75,0,98.408,99.04,1
5,75,0,105.39,79.99,1
5,75,0,112.38,97.19,1
5,75,0,119.38,98.68,1
5,75,0,126.42,97.99,1
5,75,0,133.37,99.05,1
5,75,0,140.39,98.26,1
5,75,0,147.34,81.25,1
5,75,0,154.32,99.04,1
5,75,0,161.24,89.63,1
5,75,0,168.39,98.68,1
5,75,0,14.376,91.79,1
5,75,0,21.337,99.04,1
5,75,0,28.378,99.04,1
5,75,0,35.416,99.04,1
5,75,0,42.406,91.47,1
5,75,0,49.363,4.84,0
5,75,0,56.429,97.09,1
5,75,0,58.561,99.64,1
5,75,0,7.3604,87.55,1
5,75,0,58.58,91.47,1
5,75,0,63.39,95.68,1
5,75,0,70.404,91.47,1
5,75,0,77.369,99.04,1
5,75,0,84.39,99.04,1
5,75,0,91.394,99.04,1
5,75,0,98.408,99.28,1
5,75,0,105.4,97.5,1
5,75,0,112.38,95.18,1
5,75,0,119.38,99.04,1
5,75,0,126.42,99.04,1
5,75,0,133.37,99.04,1
5,75,0,140.39,97.71,1
5,75,0,147.34,99.04,1
5,75,0,154.33,99.04,1
5,75,0,161.24,97.02,1
5,75,0,168.39,97.02,1
5,75,0,14.377,97.5,1
5,75,0,21.337,57.01,1
5,75,0,28.379,99.04,1
5,75,0,35.416,91.47,1
5,75,0,42.406,91.47,1
5,75,0,49.364,82.53,1
5,75,0,56.429,98.01,1
5,75,0,58.561,98.52,1
5,75,0,7.3604,81.25,1
5,75,0,58.582,98.52,1
5,75,0,63.391,99.04,1
5,75,0,70.406,60.48,1
5,75,0,77.371,99.04,1
5,75,0,84.392,81.25,1
5,75,0,91.397,99.04,1
5,75,0,98.41,91.47,1
5,75,0,105.4,99.64,1
5,75,0,112.38,99.04,1
5,75,0,119.38,99.04,1
5,75,0,126.42,96.86,1
5,75,0,133.38,99.78,1
5,75,0,140.39,96.33,1
5,75,0,147.34,99.78,1
5,75,0,154.33,99.05,1
5,75,0,161.24,99.78,1
5,75,0,168.39,97.02,1
5,75,0,14.378,81.25,1
5,75,0,21.339,99.04,1
5,75,0,28.381,97.09,1
5,75,0,35.417,96.72,1
5,75,0,42.408,99.04,1
5,75,0,49.365,99.81,1
5,75,0,56.431,95.68,1
5,75,0,58.563,99.04,1
5,75,0,7.3618,99.36,1
5,75,0,58.582,97.02,1
5,75,0,63.391,99.04,1
5,75,0,70.406,51.56,1
5,75,0,77.371,97.5,1
5,75,0,84.392,97.02,1
5,75,0,91.397,91.47,1
5,75,0,98.41,81.25,1
5,75,0,105.4,89.36,1
5,75,0,112.38,97.02,1
5,75,0,119.38,99.04,1
5,75,0,126.42,95.18,1
5,75,0,133.38,99.04,1
5,75,0,140.39,99.04,1
5,75,0,147.34,81.25,1
5,75,0,154.33,99.04,1
5,75,0,161.24,99.04,1
5,75,0,168.39,99.04,1
5,75,0,14.379,11.72,0
5,75,0,21.339,97.09,1
5,75,0,28.381,97.09,1
5,75,0,35.418,91.79,1
5,75,0,42.408,97.09,1
5,75,0,49.365,97.09,1
5,75,0,56.431,97.5,1
5,75,0,58.563,99.04,1
5,75,0,7.3625,91.47,1
5,75,0,58.583,99.04,1
5,75,0,63.392,99.04,1
5,75,0,70.406,97.02,1
5,75,0,77.372,99.04,1
5,75,0,84.392,99.04,1
5,75,0,91.397,98.01,1
5,75,0,98.41,97.68,1
5,75,0,105.4,99.04,1
5,75,0,112.38,91.79,1
5,75,0,119.38,97.5,1
5,75,0,126.42,97.5,1
5,75,0,133.38,89.62,1
5,75,0,140.4,99.04,1
5,75,0,147.34,97.5,1
5,75,0,154.33,97.5,1
5,75,0,161.25,99.04,1
5,75,0,168.39,99.04,1
5,75,0,14.379,99.28,1
5,75,0,21.34,91.79,1
5,75,0,28.381,91.47,1
5,75,0,35.418,44.87,0
5,75,0,42.408,95.18,1
5,75,0,49.366,10.51,0
5,75,0,56.432,97.34,1
5,75,0,58.564,97.09,1
5,75,0,7.3625,86.21,1
6,63,0,5.341,99.04,1
6,63,0,12.337,91.47,1
6,63,0,19.336,99.04,1
6,63,0,26.335,99.04,1
6,63,0,33.336,99.04,1
6,63,0,40.335,99.04,1
6,63,0,47.335,98.68,1
6,63,0,54.333,99.78,1
6,63,0,61.335,99.04,1
6,63,0,68.333,99.78,1
6,63,0,75.333,99.64,1
6,63,0,82.334,99.78,1
6,63,0,89.334,99.04,1
6,63,0,96.341,98.01,1
6,63,0,103.33,97.5,1
6,63,0,110.33,98.65,1
6,63,0,117.33,99.78,1
6,63,0,124.34,99.78,1
6,63,0,131.34,99.04,1
6,63,0,138.33,99.78,1
6,63,0,145.33,99.04,1
6,63,0,152.33,99.04,1
6,63,0,159.33,99.04,1
6,63,0,166.33,99.78,1
6,63,0,173.33,99.04,1
6,63,0,180.33,99.28,1
6,63,0,5.3417,90.89,1
6,63,0,12.337,97.5,1
6,63,0,19.336,99.28,1
6,63,0,26.335,97.09,1
6,63,0,33.336,98.01,1
6,63,0,40.336,95.33,1
6,63,0,47.335,81.27,1
6,63,0,54.334,99.04,1
6,63,0,61.336,97.09,1
6,63,0,68.333,98.33,1
6,63,0,75.334,99.04,1
6,63,0,82.335,98.22,1
6,63,0,89.335,92.09,1
6,63,0,96.341,99.04,1
6,63,0,103.33,99.04,1
6,63,0,110.33,51.56,1
6,63,0,117.33,79.34,1
6,63,0,124.34,99.04,1
6,63,0,131.34,99.04,1
6,63,0,138.33,96.72,1
6,63,0,145.33,99.04,1
6,63,0,152.33,99.04,1
6,63,0,159.34,99.04,1
6,63,0,166.33,99.64,1
6,63,0,173.33,99.04,1
6,63,0,180.33,99.04,1
6,63,0,5.3417,99.04,1
6,63,0,12.338,84.52,1
6,63,0,19.336,97.5,1
6,63,0,26.335,91.79,1
6,63,0,33.336,97.02,1
6,63,0,40.336,96.72,1
6,63,0,47.336,97.09,1
6,63,0,54.334,99.04,1
6,63,0,61.336,91.47,1
6,63,0,68.334,99.04,1
6,63,0,75.334,97.68,1
6,63,0,82.335,98.28,1
6,63,0,89.335,95.33,1
6,63,0,96.342,95.18,1
6,63,0,103.33,91.71,1
6,63,0,110.34,93.26,1
6,63,0,117.33,96.42,1
6,63,0,124.34,99.04,1
6,63,0,131.34,63.17,1
6,63,0,138.33,91.47,1
6,63,0,145.33,97.5,1
6,63,0,152.33,99.04,1
6,63,0,159.34,97.5,1
6,63,0,166.33,99.23,1
6,63,0,173.34,99.04,1
6,63,0,180.33,99.04,1
6,63,0,5.3431,99.04,1
6,63,0,12.339,91.79,1
6,63,0,19.338,99.04,1
6,63,0,26.337,99.04,1
6,63,0,33.338,81.25,1
6,63,0,40.338,95.33,1
6,63,0,47.338,91.47,1
6,63,0,54.335,99.04,1
6,63,0,61.338,97.5,1
6,63,0,68.335,99.64,1
6,63,0,75.336,99.78,1
6,63,0,82.336,99.64,1
6,63,0,89.336,86.21,1
6,63,0,96.343,99.28,1
6,63,0,103.34,99.64,1
6,63,0,110.34,99.64,1
6,63,0,117.33,99.7,1
6,63,0,124.34,97.5,1
6,63,0,131.34,99.64,1
6,63,0,138.34,99.04,1
6,63,0,145.34,99.04,1
6,63,0,152.33,90.34,1
6,63,0,159.34,99.64,1
6,63,0,166.33,99.64,1
6,63,0,173.34,99.04,1
6,63,0,180.34,99.78,1
6,63,0,5.3431,97.5,1
6,63,0,12.339,98.68,1
6,63,0,19.338,99.04,1
6,63,0,26.338,97.5,1
6,63,0,33.338,96.72,1
6,63,0,40.338,99.04,1
6,63,0,47.338,96.72,1
6,63,0,54.336,97.09,1
6,63,0,61.338,40.53,0
6,63,0,68.335,98.64,1
6,63,0,75.336,99.15,1
6,63,0,82.337,84.1,1
6,63,0,89.337,87.87,1
6,63,0,96.344,95.18,1
6,63,0,103.34,99.04,1
6,63,0,110.34,95.33,1
6,63,0,117.33,95.63,1
6,63,0,124.34,98.01,1
6,63,0,131.34,99.04,1
6,63,0,138.34,93.26,1
6,63,0,145.34,99.04,1
6,63,0,152.33,91.79,1
6,63,0,159.34,99.04,1
6,63,0,166.33,99.78,1
6,63,0,173.34,99.04,1
6,63,0,180.34,99.04,1
6,63,0,5.3438,95.33,1
6,63,0,12.34,98.7,1
6,63,0,19.338,99.04,1
6,63,0,26.338,97.5,1
6,63,0,33.339,38.29,0
6,63,0,40.338,99.04,1
6,63,0,47.338,81.25,1
6,63,0,54.336,97.5,1
6,63,0,61.339,93.48,1
6,63,0,68.336,98.52,1
6,63,0,75.337,91.45,1
6,63,0,82.337,90.89,1
6,63,0,89.337,88.61,1
6,63,0,96.344,83.61,1
6,63,0,103.34,96.23,1
6,63,0,110.34,96.33,1
6,63,0,117.33,94.08,1
6,63,0,124.34,99.04,1
6,63,0,131.34,99.64,1
6,63,0,138.34,97.09,1
6,63,0,145.34,99.04,1
6,63,0,152.33,99.04,1
6,63,0,159.34,99.04,1
6,63,0,166.33,99.64,1
6,63,0,173.34,99.04,1
6,63,0,180.34,99.64,1
7,72,0,51.587,99.64,1
7,72,0,56.306,91.47,1
7,72,0,63.297,99.04,1
7,72,0,70.294,99.04,1
7,72,0,77.296,99.04,1
7,72,0,84.3,98.73,1
7,72,0,91.301,91.47,1
7,72,0,98.298,85.43,1
7,72,0,105.3,99.04,1
7,72,0,112.3,99.04,1
7,72,0,119.3,99.04,1
7,72,0,126.3,99.04,1
7,72,0,133.32,99.04,1
7,72,0,140.26,99.04,1
7,72,0,147.27,81.25,1
7,72,0,154.26,91.47,1
7,72,0,161.3,99.04,1
7,72,0,168.3,99.04,1
7,72,0,175.3,99.04,1
7,72,0,7.2583,99.04,1
7,72,0,14.303,96.04,1
7,72,0,21.305,99.04,1
7,72,0,28.312,99.04,1
7,72,0,35.303,99.04,1
7,72,0,42.301,99.04,1
7,72,0,50.298,99.04,1
7,72,0,51.537,99.81,1
7,72,0,51.588,99.04,1
7,72,0,56.306,72.41,1
7,72,0,63.297,98.73,1
7,72,0,70.295,92.28,1
7,72,0,77.297,91.47,1
7,72,0,84.301,99.04,1
7,72,0,91.302,97.5,1
7,72,0,98.299,74.83,1
7,72,0,105.3,91.47,1
7,72,0,112.3,99.04,1
7,72,0,119.3,99.04,1
7,72,0,126.3,98.73,1
7,72,0,133.32,81.27,1
7,72,0,140.27,99.04,1
7,72,0,147.27,72.41,1
7,72,0,154.26,65.58,1
7,72,0,161.3,99.04,1
7,72,0,168.31,72.41,1
7,72,0,175.3,72.41,1
7,72,0,7.2583,96.92,1
7,72,0,14.303,47.44,0
7,72,0,21.305,99.04,1
7,72,0,28.312,99.04,1
7,72,0,35.303,72.41,1
7,72,0,42.302,91.47,1
7,72,0,50.299,98.26,1
7,72,0,51.537,99.78,1
7,72,0,51.588,99.04,1
7,72,0,56.307,25.47,0
7,72,0,63.297,98.73,1
7,72,0,70.296,98.73,1
7,72,0,77.297,91.47,1
7,72,0,84.301,99.04,1
7,72,0,91.302,85.1,1
7,72,0,98.299,96.72,1
7,72,0,105.3,98.73,1
7,72,0,112.3,99.04,1
7,72,0,119.3,94.82,1
7,72,0,126.3,99.04,1
7,72,0,133.32,98.68,1
7,72,0,140.27,91.06,1
7,72,0,147.27,91.47,1
7,72,0,154.26,29.26,0
7,72,0,161.3,97.5,1
7,72,0,168.31,89.41,1
7,72,0,175.3,98.68,1
7,72,0,7.259,97.5,1
7,72,0,14.303,91.47,1
7,72,0,21.306,81.25,1
7,72,0,28.313,99.04,1
7,72,0,35.304,99.04,1
7,72,0,42.302,98.73,1
7,72,0,50.299,99.04,1
7,72,0,51.537,99.78,1
7,72,0,51.59,99.04,1
7,72,0,56.308,72.41,1
7,72,0,63.299,98.68,1
7,72,0,70.297,99.04,1
7,72,0,77.299,91.47,1
7,72,0,84.303,99.04,1
7,72,0,91.304,72.41,1
7,72,0,98.301,99.04,1
7,72,0,105.3,99.04,1
7,72,0,112.3,60.67,1
7,72,0,119.3,99.04,1
7,72,0,126.3,81.27,1
7,72,0,133.32,97.09,1
7,72,0,140.27,93.92,1
7,72,0,147.27,93.68,1
7,72,0,154.26,85.43,1
7,72,0,161.3,81.25,1
7,72,0,168.31,97.09,1
7,72,0,175.3,99.04,1
7,72,0,7.2604,99.04,1
7,72,0,14.306,99.04,1
7,72,0,21.307,98.29,1
7,72,0,28.314,97.66,1
7,72,0,35.306,70.07,1
7,72,0,42.304,95.04,1
7,72,0,50.301,99.04,1
7,72,0,51.539,99.04,1
7,72,0,56.309,99.04,1
7,72,0,63.299,99.04,1
7,72,0,70.298,99.04,1
7,72,0,77.299,59.84,1
7,72,0,84.303,99.04,1
7,72,0,91.304,60.67,1
7,72,0,98.301,99.04,1
7,72,0,105.3,97.09,1
7,72,0,112.3,99.04,1
7,72,0,119.3,99.04,1
7,72,0,126.3,99.04,1
7,72,0,133.32,99.04,1
7,72,0,140.27,96.72,1
7,72,0,147.27,95.33,1
7,72,0,154.26,98.73,1
7,72,0,161.3,99.04,1
7,72,0,168.31,98.68,1
7,72,0,175.3,99.04,1
7,72,0,7.2611,99.04,1
7,72,0,14.306,98.73,1
7,72,0,21.308,98.73,1
7,72,0,28.315,74.63,1
7,72,0,35.306,65.58,1
7,72,0,42.304,99.04,1
7,72,0,50.301,99.04,1
7,72,0,51.54,99.04,1
7,72,0,51.59,99.04,1
7,72,0,56.31,7.85,0
7,72,0,63.3,99.04,1
7,72,0,70.298,96.22,1
7,72,0,77.3,72.41,1
7,72,0,84.304,99.04,1
7,72,0,91.305,95.33,1
7,72,0,98.302,97.09,1
7,72,0,105.3,96.72,1
7,72,0,112.3,99.04,1
7,72,0,119.3,84.86,1
7,72,0,126.3,72.41,1
7,72,0,133.32,99.04,1
7,72,0,140.27,97.5,1
7,72,0,147.27,97.5,1
7,72,0,154.26,92.52,1
7,72,0,161.3,91.47,1
7,72,0,168.31,88.61,1
7,72,0,175.3,99.04,1
7,72,0,7.2611,99.04,1
7,72,0,14.306,97.09,1
7,72,0,21.308,97.09,1
7,72,0,28.315,99.04,1
7,72,0,35.307,81.25,1
7,72,0,42.305,99.04,1
7,72,0,50.301,96.72,1
7,72,0,51.54,99.04,1
8,73,1,8.5951,99.77,1
8,73,1,15.548,99.61,1
8,73,1,22.593,99.78,1
8,73,1,29.596,99.77,1
8,73,1,36.567,99.18,1
8,73,1,43.597,99.76,1
8,73,1,50.606,99.73,1
8,73,1,57.591,99.77,1
8,73,1,64.594,99.58,1
8,73,1,71.594,99.44,1
8,73,1,78.601,99.58,1
8,73,1,85.588,97.5,1
8,73,1,92.651,99.44,1
8,73,1,106.6,98.9,1
8,73,1,113.55,99.77,1
8,73,1,120.55,99.37,1
8,73,1,127.59,99.25,1
8,73,1,134.56,99.73,1
8,73,1,141.62,99.77,1
8,73,1,148.56,99.04,1
8,73,1,155.55,41.02,0
8,73,1,162.61,95.68,1
8,73,1,169.6,98.9,1
8,73,1,176.6,98.77,1
8,73,1,183.69,99.77,1
8,73,1,8.5951,99.25,1
8,73,1,15.549,99.58,1
8,73,1,22.594,99.58,1
8,73,1,29.596,99.47,1
8,73,1,36.567,88.39,1
8,73,1,43.597,55.77,1
8,73,1,50.607,99.15,1
8,73,1,57.591,99.22,1
8,73,1,64.595,94.14,1
8,73,1,71.594,79.36,1
8,73,1,78.601,99.04,1
8,73,1,85.588,97.18,1
8,73,1,92.651,95.18,1
8,73,1,106.6,92.21,1
8,73,1,113.55,99.04,1
8,73,1,120.55,97.5,1
8,73,1,127.59,99.04,1
8,73,1,134.56,99.04,1
8,73,1,141.62,83.06,1
8,73,1,148.56,49.63,0
8,73,1,155.55,96.23,1
8,73,1,162.61,96.42,1
8,73,1,169.6,93.02,1
8,73,1,176.6,99.04,1
8,73,1,183.7,98.28,1
8,73,1,8.5958,99.78,1
8,73,1,15.549,99.23,1
8,73,1,22.594,96.1,1
8,73,1,29.597,70.86,1
8,73,1,36.567,99.04,1
8,73,1,43.597,99.04,1
8,73,1,50.607,93.28,1
8,73,1,57.592,98.52,1
8,73,1,64.595,99.04,1
8,73,1,71.594,36.74,0
8,73,1,78.602,99.04,1
8,73,1,85.589,99.04,1
8,73,1,92.652,93.48,1
8,73,1,106.6,99.04,1
8,73,1,113.55,99.04,1
8,73,1,120.55,86.86,1
8,73,1,127.59,99.04,1
8,73,1,134.56,99.04,1
8,73,1,141.62,99.04,1
8,73,1,148.56,99.04,1
8,73,1,155.55,93.39,1
8,73,1,162.61,89.22,1
8,73,1,169.6,94.82,1
8,73,1,176.6,87.53,1
8,73,1,183.7,49.79,0
8,73,1,8.5972,98.28,1
8,73,1,15.551,98.52,1
8,73,1,22.595,99.37,1
8,73,1,29.598,99.04,1
8,73,1,36.569,37.14,0
8,73,1,43.599,82.35,1
8,73,1,50.609,92.52,1
8,73,1,57.593,98.01,1
8,73,1,64.597,98.89,1
8,73,1,71.596,95.68,1
8,73,1,78.603,99.13,1
8,73,1,85.59,99.44,1
8,73,1,92.653,91.79,1
8,73,1,106.6,97.99,1
8,73,1,113.56,87.87,1
8,73,1,120.55,95.19,1
8,73,1,127.6,98.52,1
8,73,1,134.57,61.46,1
8,73,1,141.62,13.89,0
8,73,1,148.56,99.5,1
8,73,1,155.55,94.14,1
8,73,1,162.61,48.43,0
8,73,1,169.6,99.18,1
8,73,1,176.61,92.69,1
8,73,1,183.7,98.88,1
8,73,1,8.5979,66.96,1
8,73,1,15.551,97.19,1
8,73,1,22.596,55.77,1
8,73,1,29.599,85.48,1
8,73,1,36.569,96.19,1
8,73,1,43.599,91.39,1
8,73,1,50.609,92.55,1
8,73,1,57.594,97.5,1
8,73,1,64.598,99.04,1
8,73,1,71.597,92.49,1
8,73,1,78.604,66.96,1
8,73,1,85.591,95.09,1
8,73,1,92.654,86.12,1
8,73,1,106.6,99.04,1
8,73,1,113.56,95.37,1
8,73,1,120.55,62.81,1
8,73,1,127.6,98.26,1
8,73,1,134.57,90.55,1
8,73,1,141.62,96.78,1
8,73,1,148.56,96.34,1
8,73,1,155.55,93.39,1
8,73,1,162.61,66.96,1
8,73,1,169.6,97.64,1
8,73,1,176.61,91.39,1
8,73,1,183.7,62.81,1
8,73,1,8.5979,30.81,0
8,73,1,15.551,83.07,1
8,73,1,22.597,56.28,1
8,73,1,29.599,96.59,1
8,73,1,36.57,96.29,1
8,73,1,43.6,52.05,1
8,73,1,50.61,61.46,1
8,73,1,57.594,92.55,1
8,73,1,64.598,82.25,1
8,73,1,71.597,97.89,1
8,73,1,78.605,98.75,1
8,73,1,85.592,99.04,1
8,73,1,92.655,92.7,1
8,73,1,106.6,98.26,1
8,73,1,113.56,99.18,1
8,73,1,120.56,98.44,1
8,73,1,127.6,97.38,1
8,73,1,134.57,92.55,1
8,73,1,141.62,66.96,1
8,73,1,148.56,98.68,1
8,73,1,155.55,93.76,1
8,73,1,162.61,89.92,1
8,73,1,169.6,97.87,1
8,73,1,176.61,94.18,1
8,73,1,183.7,97.2,1
9,68,0,4.4333,99.78,1
9,68,0,11.344,99.78,1
9,68,0,21.404,99.81,1
9,68,0,28.342,99.77,1
9,68,0,35.343,99.81,1
9,68,0,42.343,99.78,1
9,68,0,49.343,99.78,1
9,68,0,56.361,99.81,1
9,68,0,63.342,99.81,1
9,68,0,71.375,99.81,1
9,68,0,77.347,99.81,1
9,68,0,84.347,99.81,1
9,68,0,92.332,99.78,1
9,68,0,105.35,99.81,1
9,68,0,112.41,99.78,1
9,68,0,119.35,99.81,1
9,68,0,126.26,99.81,1
9,68,0,133.35,99.81,1
9,68,0,140.34,99.78,1
9,68,0,147.34,99.78,1
9,68,0,154.34,99.81,1
9,68,0,161.34,99.81,1
9,68,0,168.35,99.81,1
9,68,0,182.34,99.81,1
9,68,0,189.17,99.81,1
9,68,0,196.36,99.81,1
9,68,0,4.434,99.81,1
9,68,0,11.344,99.78,1
9,68,0,21.404,99.81,1
9,68,0,28.342,99.81,1
9,68,0,35.344,99.81,1
9,68,0,42.344,99.81,1
9,68,0,49.343,99.81,1
9,68,0,56.361,99.81,1
9,68,0,63.342,99.81,1
9,68,0,71.375,99.81,1
9,68,0,77.347,99.81,1
9,68,0,84.348,99.81,1
9,68,0,92.333,99.81,1
9,68,0,105.35,99.81,1
9,68,0,112.41,99.81,1
9,68,0,119.35,99.81,1
9,68,0,126.26,99.81,1
9,68,0,133.35,99.81,1
9,68,0,140.34,99.78,1
9,68,0,154.34,99.81,1
9,68,0,161.34,99.81,1
9,68,0,168.35,99.81,1
9,68,0,182.34,99.81,1
9,68,0,189.17,99.81,1
9,68,0,196.36,99.81,1
9,68,0,4.434,99.81,1
9,68,0,11.344,99.81,1
9,68,0,21.405,99.41,1
9,68,0,28.342,99.81,1
9,68,0,35.344,99.81,1
9,68,0,42.344,99.81,1
9,68,0,56.362,99.81,1
9,68,0,63.343,99.81,1
9,68,0,71.376,99.81,1
9,68,0,77.347,99.81,1
9,68,0,84.348,99.81,1
9,68,0,92.333,99.81,1
9,68,0,105.35,99.81,1
9,68,0,112.41,99.81,1
9,68,0,119.35,99.81,1
9,68,0,126.26,99.81,1
9,68,0,133.35,99.78,1
9,68,0,140.34,99.81,1
9,68,0,147.34,99.81,1
9,68,0,154.34,99.81,1
9,68,0,161.34,99.81,1
9,68,0,168.35,99.81,1
9,68,0,182.34,99.81,1
9,68,0,189.17,99.81,1
9,68,0,196.36,99.81,1
9,68,0,4.4361,99.65,1
9,68,0,11.347,99.74,1
9,68,0,21.406,99.65,1
9,68,0,28.344,99.81,1
9,68,0,35.346,99.75,1
9,68,0,42.346,99.81,1
9,68,0,49.345,99.65,1
9,68,0,56.363,99.81,1
9,68,0,63.344,99.81,1
9,68,0,71.377,99.81,1
9,68,0,77.349,99.81,1
9,68,0,84.349,99.81,1
9,68,0,92.335,99.78,1
9,68,0,105.36,99.78,1
9,68,0,112.41,99.78,1
9,68,0,119.35,99.81,1
9,68,0,126.26,99.78,1
9,68,0,133.35,99.78,1
9,68,0,140.35,99.81,1
9,68,0,147.35,99.78,1
9,68,0,154.35,99.78,1
9,68,0,161.35,99.78,1
9,68,0,168.35,99.81,1
9,68,0,182.34,99.81,1
9,68,0,189.18,99.81,1
9,68,0,196.36,99.81,1
9,68,0,11.347,96.96,1
9,68,0,21.407,99.66,1
9,68,0,28.344,99.28,1
9,68,0,35.346,99.81,1
9,68,0,42.346,99.81,1
9,68,0,49.345,99.36,1
9,68,0,56.364,99.65,1
9,68,0,63.345,98.81,1
9,68,0,71.378,99.32,1
9,68,0,77.349,99.62,1
9,68,0,84.35,99.75,1
9,68,0,92.335,99.54,1
9,68,0,105.36,99.81,1
9,68,0,112.41,99.34,1
9,68,0,119.35,98.1,1
9,68,0,126.26,99.85,1
9,68,0,133.35,99.73,1
9,68,0,140.35,99.81,1
9,68,0,147.35,98.65,1
9,68,0,154.35,99.43,1
9,68,0,161.35,99.69,1
9,68,0,168.35,99.85,1
9,68,0,182.34,99.32,1
9,68,0,189.18,99.78,1
9,68,0,196.36,99.21,1
9,68,0,11.347,99.69,1
9,68,0,21.407,99.78,1
9,68,0,28.345,99.83,1
9,68,0,35.347,99.81,1
9,68,0,42.347,99.82,1
9,68,0,49.346,99.81,1
9,68,0,56.364,99.81,1
9,68,0,63.345,99.65,1
9,68,0,71.378,98.83,1
9,68,0,77.35,99.62,1
9,68,0,84.351,98.85,1
9,68,0,92.335,99.67,1
9,68,0,105.36,99.54,1
9,68,0,112.41,99.64,1
9,68,0,119.35,99.58,1
9,68,0,126.26,99.65,1
9,68,0,133.35,99.65,1
9,68,0,140.35,97.27,1
9,68,0,147.35,98.72,1
9,68,0,154.35,96.84,1
9,68,0,161.35,99.65,1
9,68,0,168.35,99.65,1
9,68,0,182.35,99.78,1
9,68,0,189.18,99.78,1
9,68,0,196.36,99.65,1
10,58,0,10.303,81.6,1
10,58,0,17.312,69.8,1
10,58,0,24.311,99.78,1
10,58,0,31.313,55.77,1
10,58,0,38.313,98.26,1
10,58,0,45.352,99.64,1
10,58,0,52.353,97.77,1
10,58,0,59.354,99.78,1
10,58,0,66.356,99.61,1
10,58,0,73.353,99.78,1
10,58,0,80.353,98.68,1
10,58,0,87.353,99.65,1
10,58,0,101.35,99.64,1
10,58,0,108.35,96.72,1
10,58,0,115.35,99.04,1
10,58,0,122.35,99.78,1
10,58,0,129.35,99.04,1
10,58,0,136.48,99.04,1
10,58,0,143.48,99.78,1
10,58,0,150.48,94.96,1
10,58,0,157.48,99.34,1
10,58,0,164.48,89.0,1
10,58,0,171.48,98.68,1
10,58,0,178.48,84.15,1
10,58,0,185.48,99.5,1
10,58,0,10.304,98.26,1
10,58,0,17.313,98.12,1
10,58,0,24.312,94.41,1
10,58,0,31.314,87.55,1
10,58,0,38.313,99.04,1
10,58,0,45.353,50.69,1
10,58,0,52.354,70.49,1
10,58,0,59.354,97.81,1
10,58,0,66.356,81.25,1
10,58,0,73.354,96.62,1
10,58,0,80.353,94.81,1
10,58,0,87.354,99.43,1
10,58,0,101.35,97.09,1
10,58,0,108.35,95.64,1
10,58,0,115.36,91.47,1
10,58,0,122.35,99.04,1
10,58,0,129.36,99.04,1
10,58,0,136.48,92.61,1
10,58,0,143.48,99.18,1
10,58,0,150.48,63.6,1
10,58,0,157.48,97.5,1
10,58,0,164.48,99.59,1
10,58,0,171.48,97.5,1
10,58,0,178.48,59.84,1
10,58,0,185.48,97.5,1
10,58,0,10.304,63.6,1
10,58,0,17.313,24.49,0
10,58,0,24.312,97.62,1
10,58,0,31.315,97.86,1
10,58,0,38.314,99.18,1
10,58,0,45.353,44.1,0
10,58,0,52.354,98.68,1
10,58,0,59.355,98.77,1
10,58,0,66.356,34.51,0
10,58,0,73.354,97.09,1
10,58,0,80.353,47.44,0
10,58,0,87.355,99.81,1
10,58,0,101.35,23.77,0
10,58,0,108.35,58.95,1
10,58,0,115.36,65.58,1
10,58,0,122.35,95.68,1
10,58,0,129.36,65.58,1
10,58,0,136.48,98.19,1
10,58,0,143.48,76.58,1
10,58,0,150.48,77.2,1
10,58,0,157.48,94.47,1
10,58,0,164.48,99.5,1
10,58,0,171.48,99.04,1
10,58,0,178.48,82.99,1
10,58,0,185.48,86.21,1
10,58,0,10.306,96.53,1
10,58,0,17.315,99.78,1
10,58,0,24.314,99.78,1
10,58,0,31.316,98.64,1
10,58,0,38.315,99.64,1
10,58,0,45.355,99.81,1
10,58,0,52.356,99.64,1
10,58,0,59.357,86.86,1
10,58,0,66.358,99.66,1
10,58,0,80.356,99.71,1
10,58,0,87.356,99.58,1
10,58,0,101.36,99.04,1
10,58,0,108.35,99.04,1
10,58,0,115.36,84.95,1
10,58,0,122.36,98.86,1
10,58,0,129.36,98.68,1
10,58,0,136.48,93.84,1
10,58,0,143.48,96.5,1
10,58,0,150.48,99.7,1
10,58,0,157.48,98.68,1
10,58,0,164.48,91.47,1
10,58,0,171.49,72.41,1
10,58,0,178.48,98.26,1
10,58,0,185.48,97.09,1
10,58,0,17.315,99.04,1
10,58,0,24.315,2.03,0
10,58,0,31.317,91.19,1
10,58,0,38.316,97.3,1
10,58,0,45.356,93.75,1
10,58,0,52.357,91.72,1
10,58,0,59.357,97.09,1
10,58,0,66.358,95.14,1
10,58,0,73.356,95.18,1
10,58,0,80.356,92.61,1
10,58,0,87.357,40.01,0
10,58,0,101.36,98.26,1
10,58,0,108.36,98.01,1
10,58,0,115.36,56.63,1
10,58,0,122.36,97.73,1
10,58,0,129.36,99.04,1
10,58,0,136.48,21.6,0
10,58,0,143.48,81.68,1
10,58,0,150.49,92.63,1
10,58,0,157.48,98.3,1
10,58,0,164.48,88.61,1
10,58,0,171.49,8.83,0
10,58,0,178.48,66.96,1
10,58,0,185.49,75.88,1
10,58,0,10.307,10.59,0
10,58,0,17.316,36.22,0
10,58,0,24.315,91.72,1
10,58,0,31.317,55.77,1
10,58,0,38.317,54.35,1
10,58,0,45.356,61.46,1
10,58,0,52.358,74.41,1
10,58,0,59.358,92.61,1
10,58,0,66.359,95.85,1
10,58,0,73.357,97.5,1
10,58,0,80.356,68.31,1
10,58,0,87.358,97.0,1
10,58,0,101.36,92.37,1
10,58,0,108.36,94.81,1
10,58,0,115.36,95.14,1
10,58,0,122.36,97.02,1
10,58,0,129.36,68.25,1
10,58,0,136.48,93.95,1
10,58,0,143.48,93.48,1
10,58,0,150.49,97.5,1
10,58,0,157.48,96.55,1
10,58,0,164.48,90.89,1
10,58,0,171.49,99.04,1
10,58,0,178.49,24.23,0
10,58,0,185.49,99.04,1
11,55,0,7.6042,98.01,1
11,55,0,14.513,91.81,1
11,55,0,21.451,85.52,1
11,55,0,28.463,97.02,1
11,55,0,35.449,74.94,1
11,55,0,42.512,97.02,1
11,55,0,49.455,97.99,1
11,55,0,56.467,96.34,1
11,55,0,64.469,98.93,1
11,55,0,70.571,97.5,1
11,55,0,77.531,90.89,1
11,55,0,84.578,67.72,1
11,55,0,105.52,99.78,1
11,55,0,112.5,96.72,1
11,55,0,119.43,81.25,1
11,55,0,126.47,99.04,1
11,55,0,133.49,97.68,1
11,55,0,140.46,91.53,1
11,55,0,147.59,99.23,1
11,55,0,154.46,99.25,1
11,55,0,161.48,98.12,1
11,55,0,176.46,97.5,1
11,55,0,182.52,93.48,1
11,55,0,7.6042,96.48,1
11,55,0,14.514,89.42,1
11,55,0,21.452,79.63,1
11,55,0,28.463,94.81,1
11,55,0,35.45,79.91,1
11,55,0,42.512,79.91,1
11,55,0,49.456,93.8,1
11,55,0,56.468,84.66,1
11,55,0,64.469,79.42,1
11,55,0,70.571,93.2,1
11,55,0,77.531,77.76,1
11,55,0,84.578,44.87,0
11,55,0,105.52,93.41,1
11,55,0,112.5,95.18,1
11,55,0,119.43,95.18,1
11,55,0,126.47,91.97,1
11,55,0,133.5,78.6,1
11,55,0,140.46,80.3,1
11,55,0,147.6,83.87,1
11,55,0,154.46,92.66,1
11,55,0,161.48,92.52,1
11,55,0,176.46,30.37,0
11,55,0,182.53,99.52,1
11,55,0,7.6049,34.44,0
11,55,0,14.515,70.96,1
11,55,0,21.453,93.88,1
11,55,0,28.463,95.18,1
11,55,0,35.45,73.71,1
11,55,0,42.512,81.73,1
11,55,0,49.456,95.48,1
11,55,0,56.469,93.95,1
11,55,0,64.47,94.57,1
11,55,0,70.572,83.07,1
11,55,0,77.531,17.06,0
11,55,0,84.579,49.05,0
11,55,0,105.52,72.41,1
11,55,0,112.5,97.5,1
11,55,0,119.43,96.67,1
11,55,0,126.47,88.57,1
11,55,0,133.5,24.06,0
11,55,0,140.46,27.67,0
11,55,0,147.6,94.81,1
11,55,0,154.46,96.51,1
11,55,0,161.48,79.66,1
11,55,0,176.46,42.68,0
11,55,0,182.53,88.53,1
11,55,0,7.6062,98.34,1
11,55,0,14.516,88.83,1
11,55,0,21.454,98.12,1
11,55,0,28.465,85.7,1
11,55,0,35.452,95.9,1
11,55,0,42.515,89.03,1
11,55,0,49.458,93.58,1
11,55,0,56.47,99.04,1
11,55,0,64.472,98.86,1
11,55,0,70.574,98.64,1
11,55,0,77.533,30.67,0
11,55,0,84.581,91.81,1
11,55,0,105.52,96.72,1
11,55,0,112.5,96.23,1
11,55,0,119.43,79.36,1
11,55,0,126.47,95.36,1
11,55,0,133.5,97.25,1
11,55,0,140.46,44.6,0
11,55,0,147.6,97.22,1
11,55,0,154.46,88.46,1
11,55,0,161.49,96.78,1
11,55,0,176.46,11.88,0
11,55,0,182.53,77.43,1
11,55,0,7.6069,85.95,1
11,55,0,14.517,28.66,0
11,55,0,21.455,97.27,1
11,55,0,28.466,90.89,1
11,55,0,35.453,18.3,0
11,55,0,42.515,91.72,1
11,55,0,49.458,51.96,1
11,55,0,56.471,84.67,1
11,55,0,64.472,77.16,1
11,55,0,70.574,60.21,1
11,55,0,77.534,87.16,1
11,55,0,84.581,83.13,1
11,55,0,105.52,94.14,1
11,55,0,112.5,97.5,1
11,55,0,119.43,95.18,1
11,55,0,126.47,95.94,1
11,55,0,133.5,97.5,1
11,55,0,140.46,79.14,1
11,55,0,147.6,94.18,1
11,55,0,154.46,93.95,1
11,55,0,161.49,33.64,0
11,55,0,176.46,83.33,1
11,55,0,182.53,78.93,1
11,55,0,7.6076,88.63,1
11,55,0,14.517,54.35,1
11,55,0,21.455,90.01,1
11,55,0,28.466,91.53,1
11,55,0,35.453,28.43,0
11,55,0,42.515,4.84,0
11,55,0,49.458,92.81,1
11,55,0,56.472,96.84,1
11,55,0,64.473,21.2,0
11,55,0,70.574,26.2,0
11,55,0,77.534,95.18,1
11,55,0,84.582,82.31,1
11,55,0,105.52,87.16,1
11,55,0,112.5,92.81,1
11,55,0,119.43,99.04,1
11,55,0,126.47,98.01,1
11,55,0,133.5,94.35,1
11,55,0,140.46,66.96,1
11,55,0,147.6,42.97,0
11,55,0,154.47,41.59,0
11,55,0,161.49,6.77,0
11,55,0,176.46,93.02,1
11,55,0,182.53,93.48,1
12,62,0,14.356,99.04,1
12,62,0,21.394,98.73,1
12,62,0,28.363,99.28,1
12,62,0,35.36,97.27,1
12,62,0,42.359,98.71,1
12,62,0,49.364,99.04,1
12,62,0,56.328,97.27,1
12,62,0,63.359,99.18,1
12,62,0,70.347,96.72,1
12,62,0,91.331,95.18,1
12,62,0,98.356,99.37,1
12,62,0,105.36,96.33,1
12,62,0,112.35,91.79,1
12,62,0,119.34,88.39,1
12,62,0,126.42,97.74,1
12,62,0,140.36,95.31,1
12,62,0,168.2,98.26,1
12,62,0,175.19,99.78,1
12,62,0,14.356,92.63,1
12,62,0,21.394,94.32,1
12,62,0,28.363,95.15,1
12,62,0,35.361,95.94,1
12,62,0,42.359,98.26,1
12,62,0,49.364,98.98,1
12,62,0,56.329,93.95,1
12,62,0,63.359,96.23,1
12,62,0,70.347,90.53,1
12,62,0,91.332,96.42,1
12,62,0,98.356,98.68,1
12,62,0,105.37,97.64,1
12,62,0,119.34,86.06,1
12,62,0,126.42,99.18,1
12,62,0,140.36,94.42,1
12,62,0,168.2,93.58,1
12,62,0,175.19,99.55,1
12,62,0,14.357,98.68,1
12,62,0,21.394,98.52,1
12,62,0,28.364,95.81,1
12,62,0,35.361,97.68,1
12,62,0,42.36,98.91,1
12,62,0,49.365,95.33,1
12,62,0,56.329,97.5,1
12,62,0,63.36,99.04,1
12,62,0,70.347,87.13,1
12,62,0,91.332,97.07,1
12,62,0,98.356,99.04,1
12,62,0,105.37,94.98,1
12,62,0,112.35,79.36,1
12,62,0,119.34,88.87,1
12,62,0,126.42,88.39,1
12,62,0,140.36,98.68,1
12,62,0,168.2,93.97,1
12,62,0,175.19,99.61,1
12,62,0,14.358,97.68,1
12,62,0,21.396,97.33,1
12,62,0,28.365,97.74,1
12,62,0,35.363,99.28,1
12,62,0,42.361,99.04,1
12,62,0,49.366,98.24,1
12,62,0,56.331,98.26,1
12,62,0,63.361,98.3,1
12,62,0,70.349,98.01,1
12,62,0,91.334,94.81,1
12,62,0,98.358,93.75,1
12,62,0,105.37,97.74,1
12,62,0,112.36,98.26,1
12,62,0,119.35,92.63,1
12,62,0,126.42,98.3,1
12,62,0,140.36,97.98,1
12,62,0,168.2,91.17,1
12,62,0,175.19,94.69,1
12,62,0,14.358,90.34,1
12,62,0,21.397,98.01,1
12,62,0,28.366,95.31,1
12,62,0,35.363,97.68,1
12,62,0,42.362,99.04,1
12,62,0,49.367,99.04,1
12,62,0,56.331,92.86,1
12,62,0,63.362,94.19,1
12,62,0,70.349,97.97,1
12,62,0,91.334,99.37,1
12,62,0,98.358,95.33,1
12,62,0,105.37,97.5,1
12,62,0,112.36,98.32,1
12,62,0,119.35,85.95,1
12,62,0,126.42,98.01,1
12,62,0,140.36,99.01,1
12,62,0,168.2,97.71,1
12,62,0,175.19,97.68,1
12,62,0,14.359,99.04,1
12,62,0,21.397,93.17,1
12,62,0,28.366,96.72,1
12,62,0,35.364,98.01,1
12,62,0,42.362,97.68,1
12,62,0,49.367,98.01,1
12,62,0,56.332,96.59,1
12,62,0,63.362,93.86,1
12,62,0,70.349,98.68,1
12,62,0,91.335,97.5,1
12,62,0,98.359,98.01,1
12,62,0,105.37,98.52,1
12,62,0,112.36,93.17,1
12,62,0,119.35,98.01,1
12,62,0,126.42,97.34,1
12,62,0,140.36,98.01,1
12,62,0,168.21,98.28,1
12,62,0,175.19,98.68,1
13,73,1,6.5965,94.58,1
13,73,1,13.633,92.24,1
13,73,1,20.81,99.37,1
13,73,1,29.537,99.04,1
13,73,1,34.557,96.59,1
13,73,1,41.598,99.04,1
13,73,1,55.804,83.12,1
13,73,1,63.572,98.86,1
13,73,1,76.908,14.48,0
13,73,1,98.595,97.19,1
13,73,1,105.57,99.04,1
13,73,1,112.82,95.18,1
13,73,1,119.72,99.04,1
13,73,1,126.68,99.04,1
13,73,1,140.55,97.78,1
13,73,1,147.55,99.04,1
13,73,1,154.73,97.5,1
13,73,1,168.61,99.04,1
13,73,1,175.62,99.04,1
13,73,1,6.5972,46.86,0
13,73,1,13.633,81.41,1
13,73,1,20.811,47.01,0
13,73,1,29.537,94.23,1
13,73,1,34.558,11.72,0
13,73,1,41.598,97.5,1
13,73,1,55.805,92.42,1
13,73,1,63.572,95.15,1
13,73,1,76.908,11.72,0
13,73,1,98.595,95.33,1
13,73,1,105.57,92.77,1
13,73,1,112.82,97.95,1
13,73,1,119.72,96.67,1
13,73,1,126.68,97.19,1
13,73,1,140.55,94.87,1
13,73,1,147.55,93.43,1
13,73,1,154.73,99.04,1
13,73,1,168.61,98.86,1
13,73,1,175.62,99.04,1
13,73,1,6.5972,40.0,0
13,73,1,13.634,60.1,1
13,73,1,20.811,95.33,1
13,73,1,29.537,77.24,1
13,73,1,34.558,97.19,1
13,73,1,41.598,97.5,1
13,73,1,55.805,21.6,0
13,73,1,63.572,61.46,1
13,73,1,76.908,36.89,0
13,73,1,98.595,96.04,1
13,73,1,105.57,97.97,1
13,73,1,112.82,97.19,1
13,73,1,119.72,47.63,0
13,73,1,126.68,82.08,1
13,73,1,140.55,80.32,1
13,73,1,147.55,68.21,1
13,73,1,154.73,95.33,1
13,73,1,168.61,97.2,1
13,73,1,175.62,56.38,1
13,73,1,6.5986,95.15,1
13,73,1,13.635,92.26,1
13,73,1,20.813,99.04,1
13,73,1,41.6,42.06,0
13,73,1,55.806,85.58,1
13,73,1,63.574,99.04,1
13,73,1,76.91,7.07,0
13,73,1,98.597,72.41,1
13,73,1,105.58,98.52,1
13,73,1,112.82,92.96,1
13,73,1,119.72,98.01,1
13,73,1,126.68,96.2,1
13,73,1,140.55,99.04,1
13,73,1,147.55,34.27,0
13,73,1,154.73,98.01,1
13,73,1,168.61,95.31,1
13,73,1,175.62,99.04,1
13,73,1,6.5993,8.82,0
13,73,1,13.635,96.28,1
13,73,1,20.813,98.52,1
13,73,1,29.54,60.21,1
13,73,1,34.559,99.18,1
13,73,1,41.6,96.89,1
13,73,1,55.806,25.35,0
13,73,1,63.574,99.04,1
13,73,1,76.91,10.33,0
13,73,1,98.597,91.79,1
13,73,1,105.58,98.26,1
13,73,1,112.82,23.34,0
13,73,1,119.72,78.12,1
13,73,1,126.68,97.98,1
13,73,1,140.55,11.72,0
13,73,1,147.55,90.58,1
13,73,1,154.73,47.03,0
13,73,1,168.61,37.82,0
13,73,1,175.62,99.04,1
13,73,1,6.5993,96.17,1
13,73,1,13.636,94.46,1
13,73,1,20.813,7.92,0
13,73,1,29.54,64.12,1
13,73,1,34.56,92.96,1
13,73,1,41.6,92.55,1
13,73,1,55.807,21.76,0
13,73,1,63.574,28.97,0
13,73,1,76.91,97.5,1
13,73,1,98.597,97.5,1
13,73,1,105.58,97.98,1
13,73,1,112.82,98.26,1
13,73,1,119.72,97.5,1
13,73,1,126.68,85.73,1
13,73,1,140.55,57.44,1
13,73,1,147.55,60.21,1
13,73,1,154.73,87.16,1
13,73,1,168.61,97.19,1
13,73,1,175.62,99.04,1
14,58,1,7.3458,90.11,1
14,58,1,14.347,89.83,1
14,58,1,21.406,92.82,1
14,58,1,28.406,93.34,1
14,58,1,35.371,88.6,1
14,58,1,42.372,97.32,1
14,58,1,49.393,93.09,1
14,58,1,56.341,22.73,0
14,58,1,63.391,97.6,1
14,58,1,70.372,95.86,1
14,58,1,76.381,97.69,1
14,58,1,98.377,49.71,0
14,58,1,105.4,96.81,1
14,58,1,112.4,27.3,0
14,58,1,119.34,28.44,0
14,58,1,126.38,94.02,1
14,58,1,133.39,94.28,1
14,58,1,140.41,91.35,1
14,58,1,147.34,91.72,1
14,58,1,154.34,43.75,0
14,58,1,161.42,90.7,1
14,58,1,168.39,34.34,0
14,58,1,175.39,87.87,1
14,58,1,7.3465,98.73,1
14,58,1,14.347,70.51,1
14,58,1,21.406,99.81,1
14,58,1,28.407,68.65,1
14,58,1,35.372,95.86,1
14,58,1,42.373,87.45,1
14,58,1,49.393,94.11,1
14,58,1,56.342,43.47,0
14,58,1,63.392,49.71,0
14,58,1,70.372,37.62,0
14,58,1,76.381,91.28,1
14,58,1,98.378,92.77,1
14,58,1,105.4,78.96,1
14,58,1,112.4,54.25,1
14,58,1,119.34,70.86,1
14,58,1,126.38,28.07,0
14,58,1,133.39,95.66,1
14,58,1,140.41,86.41,1
14,58,1,147.34,45.69,0
14,58,1,154.34,75.45,1
14,58,1,161.42,92.21,1
14,58,1,168.39,83.34,1
14,58,1,175.39,94.65,1
14,58,1,7.3465,49.71,0
14,58,1,14.348,72.53,1
14,58,1,21.406,88.27,1
14,58,1,28.407,96.32,1
14,58,1,35.372,95.96,1
14,58,1,42.373,66.95,1
14,58,1,49.394,89.5,1
14,58,1,56.342,57.05,1
14,58,1,63.392,75.31,1
14,58,1,70.372,81.09,1
14,58,1,76.381,92.8,1
14,58,1,98.378,83.34,1
14,58,1,105.4,34.33,0
14,58,1,112.4,91.0,1
14,58,1,119.34,91.39,1
14,58,1,126.38,33.23,0
14,58,1,133.39,28.46,0
14,58,1,140.41,93.79,1
14,58,1,147.34,11.72,0
14,58,1,154.34,70.86,1
14,58,1,161.42,83.06,1
14,58,1,175.39,83.96,1
14,58,1,7.3479,95.73,1
14,58,1,14.349,65.02,1
14,58,1,21.408,92.66,1
14,58,1,28.409,91.72,1
14,58,1,35.374,91.28,1
14,58,1,42.374,49.71,0
14,58,1,49.395,66.34,1
14,58,1,56.344,13.89,0
14,58,1,63.394,98.9,1
14,58,1,70.374,67.68,1
14,58,1,76.383,94.98,1
14,58,1,98.38,56.97,1
14,58,1,105.4,75.31,1
14,58,1,112.4,92.64,1
14,58,1,119.34,74.58,1
14,58,1,126.38,89.77,1
14,58,1,133.39,44.62,0
14,58,1,140.41,94.99,1
14,58,1,147.34,90.99,1
14,58,1,154.34,56.38,1
14,58,1,161.42,91.51,1
14,58,1,168.39,65.02,1
14,58,1,175.39,93.15,1
14,58,1,7.3486,87.21,1
14,58,1,14.35,97.18,1
14,58,1,21.408,92.32,1
14,58,1,28.409,95.83,1
14,58,1,35.374,83.39,1
14,58,1,42.375,92.55,1
14,58,1,49.395,94.99,1
14,58,1,56.344,61.46,1
14,58,1,63.394,83.06,1
14,58,1,70.374,94.98,1
14,58,1,98.38,73.85,1
14,58,1,105.4,83.39,1
14,58,1,112.4,97.54,1
14,58,1,119.34,94.42,1
14,58,1,126.38,82.64,1
14,58,1,133.39,61.46,1
14,58,1,140.41,66.96,1
14,58,1,147.34,96.08,1
14,58,1,154.34,94.82,1
14,58,1,161.43,55.77,1
14,58,1,168.39,19.17,0
14,58,1,175.39,95.04,1
14,58,1,7.3486,95.77,1
14,58,1,14.35,75.74,1
14,58,1,21.408,80.34,1
14,58,1,28.41,96.25,1
14,58,1,35.374,92.55,1
14,58,1,42.376,96.78,1
14,58,1,49.396,96.59,1
14,58,1,56.344,97.78,1
14,58,1,63.394,85.06,1
14,58,1,70.374,83.06,1
14,58,1,76.383,83.39,1
14,58,1,98.381,92.55,1
14,58,1,105.4,96.34,1
14,58,1,112.41,61.46,1
14,58,1,119.34,98.29,1
14,58,1,126.38,94.53,1
14,58,1,133.39,61.46,1
14,58,1,140.41,97.31,1
14,58,1,147.34,98.92,1
14,58,1,154.34,83.06,1
14,58,1,161.43,96.85,1
14,58,1,168.39,97.33,1
14,58,1,175.39,83.06,1
15,65,0,26.473,99.61,1
15,65,0,33.506,96.96,1
15,65,0,40.481,99.25,1
15,65,0,54.469,92.71,1
15,65,0,68.752,97.61,1
15,65,0,75.488,23.08,0
15,65,0,82.467,81.92,1
15,65,0,89.439,91.39,1
15,65,0,98.531,17.82,0
15,65,0,110.51,21.76,0
15,65,0,117.52,95.14,1
15,65,0,125.46,51.56,1
15,65,0,133.43,94.46,1
15,65,0,138.46,89.17,1
15,65,0,145.48,98.32,1
15,65,0,152.46,23.77,0
15,65,0,159.47,90.53,1
15,65,0,166.65,90.16,1
15,65,0,187.55,94.68,1
15,65,0,194.54,94.98,1
15,65,0,201.53,89.71,1
15,65,0,208.53,90.14,1
15,65,0,215.49,36.8,0
15,65,0,26.473,99.52,1
15,65,0,33.506,80.44,1
15,65,0,40.481,65.99,1
15,65,0,54.469,96.1,1
15,65,0,62.449,98.64,1
15,65,0,68.752,27.59,0
15,65,0,75.488,84.07,1
15,65,0,82.468,66.96,1
15,65,0,89.44,61.46,1
15,65,0,98.531,30.37,0
15,65,0,110.51,66.96,1
15,65,0,117.52,90.06,1
15,65,0,125.46,54.35,1
15,65,0,133.43,61.46,1
15,65,0,138.46,97.92,1
15,65,0,145.48,97.92,1
15,65,0,152.46,61.46,1
15,65,0,159.47,60.21,1
15,65,0,166.65,90.82,1
15,65,0,187.55,92.55,1
15,65,0,194.54,66.96,1
15,65,0,201.53,96.67,1
15,65,0,208.53,64.39,1
15,65,0,215.49,90.72,1
15,65,0,26.474,99.78,1
15,65,0,33.507,38.38,0
15,65,0,40.481,83.31,1
15,65,0,54.469,17.29,0
15,65,0,62.449,98.58,1
15,65,0,68.753,94.4,1
15,65,0,75.488,52.64,1
15,65,0,82.468,10.59,0
15,65,0,89.44,66.96,1
15,65,0,98.532,92.52,1
15,65,0,110.51,63.87,1
15,65,0,117.52,95.94,1
15,65,0,125.46,61.46,1
15,65,0,133.44,53.47,1
15,65,0,138.46,97.0,1
15,65,0,145.48,16.22,0
15,65,0,152.46,30.46,0
15,65,0,159.47,61.46,1
15,65,0,166.65,56.38,1
15,65,0,187.55,89.31,1
15,65,0,194.54,94.83,1
15,65,0,201.53,35.21,0
15,65,0,208.53,61.46,1
15,65,0,215.49,89.31,1
15,65,0,26.475,56.21,1
15,65,0,33.508,98.76,1
15,65,0,40.483,99.48,1
15,65,0,54.472,17.65,0
15,65,0,62.451,97.09,1
15,65,0,68.754,98.59,1
15,65,0,75.49,39.41,0
15,65,0,82.47,35.21,0
15,65,0,89.442,90.72,1
15,65,0,98.533,76.23,1
15,65,0,110.51,61.46,1
15,65,0,117.52,39.41,0
15,65,0,125.46,89.31,1
15,65,0,133.44,61.46,1
15,65,0,138.46,66.96,1
15,65,0,145.48,61.46,1
15,65,0,152.46,61.46,1
15,65,0,159.47,64.39,1
15,65,0,166.65,17.06,0
15,65,0,187.55,91.72,1
15,65,0,194.55,60.21,1
15,65,0,201.53,95.76,1
15,65,0,208.53,61.46,1
15,65,0,215.49,61.46,1
15,65,0,26.476,97.5,1
15,65,0,33.509,61.46,1
15,65,0,40.483,47.49,0
15,65,0,54.472,98.52,1
15,65,0,62.451,61.46,1
15,65,0,68.755,30.37,0
15,65,0,75.49,66.96,1
15,65,0,82.47,61.46,1
15,65,0,89.442,61.46,1
15,65,0,98.533,66.96,1
15,65,0,110.51,66.96,1
15,65,0,117.52,92.55,1
15,65,0,125.46,66.96,1
15,65,0,133.44,66.96,1
15,65,0,138.46,61.46,1
15,65,0,145.48,65.85,1
15,65,0,152.46,66.96,1
15,65,0,159.47,66.96,1
15,65,0,166.66,61.46,1
15,65,0,187.55,83.06,1
15,65,0,194.55,66.96,1
15,65,0,201.53,37.62,0
15,65,0,208.53,66.96,1
15,65,0,215.49,70.86,1
15,65,0,26.476,97.19,1
15,65,0,33.509,17.65,0
15,65,0,40.484,40.53,0
15,65,0,54.472,61.46,1
15,65,0,62.452,54.35,1
15,65,0,68.756,41.59,0
15,65,0,75.49,61.46,1
15,65,0,82.471,66.96,1
15,65,0,89.442,66.96,1
15,65,0,98.534,87.53,1
15,65,0,110.51,66.96,1
15,65,0,117.52,61.46,1
15,65,0,125.46,98.8,1
15,65,0,133.44,66.96,1
15,65,0,138.46,66.96,1
15,65,0,145.48,66.96,1
15,65,0,152.46,61.46,1
15,65,0,159.47,66.96,1
15,65,0,166.66,17.82,0
15,65,0,187.56,61.46,1
15,65,0,194.55,96.82,1
15,65,0,201.53,33.18,0
15,65,0,208.53,64.93,1
15,65,0,215.49,61.46,1
16,65,0,5.4257,97.89,1
16,65,0,12.426,99.78,1
16,65,0,19.429,99.78,1
16,65,0,26.428,99.78,1
16,65,0,33.426,99.74,1
16,65,0,40.424,99.78,1
16,65,0,47.427,99.74,1
16,65,0,54.44,99.65,1
16,65,0,61.427,99.64,1
16,65,0,69.427,99.78,1
16,65,0,75.516,99.78,1
16,65,0,89.465,99.78,1
16,65,0,96.429,99.78,1
16,65,0,103.43,99.04,1
16,65,0,109.45,99.78,1
16,65,0,117.43,99.78,1
16,65,0,124.43,99.64,1
16,65,0,131.42,99.78,1
16,65,0,138.42,99.78,1
16,65,0,145.42,99.78,1
16,65,0,152.43,99.7,1
16,65,0,159.43,99.78,1
16,65,0,166.43,99.56,1
16,65,0,5.4264,99.78,1
16,65,0,12.426,99.74,1
16,65,0,19.429,99.78,1
16,65,0,26.429,99.78,1
16,65,0,33.426,99.78,1
16,65,0,40.425,99.78,1
16,65,0,47.428,99.78,1
16,65,0,54.441,99.21,1
16,65,0,61.427,99.4,1
16,65,0,69.428,99.78,1
16,65,0,75.517,99.78,1
16,65,0,89.466,99.78,1
16,65,0,96.429,99.78,1
16,65,0,103.43,72.41,1
16,65,0,109.46,99.78,1
16,65,0,117.43,99.78,1
16,65,0,124.43,99.61,1
16,65,0,131.43,99.48,1
16,65,0,138.43,99.78,1
16,65,0,145.42,99.78,1
16,65,0,152.43,99.78,1
16,65,0,159.43,99.78,1
16,65,0,166.43,98.98,1
16,65,0,5.4264,99.78,1
16,65,0,12.426,99.78,1
16,65,0,19.43,99.78,1
16,65,0,26.429,99.78,1
16,65,0,33.426,99.74,1
16,65,0,40.426,99.78,1
16,65,0,47.428,99.78,1
16,65,0,54.442,99.78,1
16,65,0,61.428,99.78,1
16,65,0,69.428,99.61,1
16,65,0,75.517,99.78,1
16,65,0,89.466,99.74,1
16,65,0,96.43,99.78,1
16,65,0,103.43,99.04,1
16,65,0,109.46,99.48,1
16,65,0,117.43,99.78,1
16,65,0,124.43,99.64,1
16,65,0,131.43,99.78,1
16,65,0,138.43,99.61,1
16,65,0,145.42,99.78,1
16,65,0,152.43,99.78,1
16,65,0,159.43,99.78,1
16,65,0,166.43,99.78,1
16,65,0,5.4278,99.65,1
16,65,0,12.428,99.78,1
16,65,0,19.431,99.78,1
16,65,0,26.431,99.78,1
16,65,0,33.428,99.78,1
16,65,0,40.427,99.78,1
16,65,0,47.43,99.78,1
16,65,0,54.443,99.38,1
16,65,0,61.429,99.65,1
16,65,0,69.43,99.78,1
16,65,0,75.519,99.78,1
16,65,0,89.468,99.78,1
16,65,0,96.431,99.78,1
16,65,0,103.43,99.04,1
16,65,0,109.46,99.65,1
16,65,0,117.43,99.78,1
16,65,0,124.43,99.78,1
16,65,0,131.43,99.78,1
16,65,0,138.43,99.78,1
16,65,0,145.42,99.78,1
16,65,0,152.43,99.78,1
16,65,0,159.43,89.61,1
16,65,0,166.43,99.78,1
16,65,0,5.4285,99.78,1
16,65,0,12.428,99.46,1
16,65,0,19.432,90.01,1
16,65,0,26.431,98.11,1
16,65,0,33.428,98.19,1
16,65,0,40.428,94.81,1
16,65,0,47.43,99.18,1
16,65,0,54.444,99.69,1
16,65,0,61.43,99.28,1
16,65,0,69.431,97.64,1
16,65,0,75.519,81.25,1
16,65,0,89.469,99.64,1
16,65,0,96.432,31.92,0
16,65,0,103.43,99.04,1
16,65,0,109.46,98.39,1
16,65,0,117.43,99.78,1
16,65,0,124.43,99.64,1
16,65,0,131.43,99.04,1
16,65,0,138.43,99.09,1
16,65,0,145.42,99.25,1
16,65,0,152.43,99.64,1
16,65,0,159.43,99.64,1
16,65,0,166.43,98.52,1
16,65,0,5.4292,99.61,1
16,65,0,12.428,97.81,1
16,65,0,19.433,99.64,1
16,65,0,26.432,99.46,1
16,65,0,33.429,99.04,1
16,65,0,40.428,99.04,1
16,65,0,47.431,98.82,1
16,65,0,54.444,99.38,1
16,65,0,61.431,92.26,1
16,65,0,69.431,99.5,1
16,65,0,75.519,91.38,1
16,65,0,89.469,99.64,1
16,65,0,96.433,99.21,1
16,65,0,103.43,88.61,1
16,65,0,109.46,99.51,1
16,65,0,117.43,99.61,1
16,65,0,124.43,97.09,1
16,65,0,131.43,96.74,1
16,65,0,138.43,90.01,1
16,65,0,145.42,99.78,1
16,65,0,152.43,99.74,1
16,65,0,159.43,99.05,1
16,65,0,166.43,99.04,1
17,66,1,6.3028,5.54,0
17,66,1,13.306,32.31,0
17,66,1,20.302,5.6,0
17,66,1,27.303,97.19,1
17,66,1,34.306,17.65,0
17,66,1,41.301,98.28,1
17,66,1,48.303,10.82,0
17,66,1,55.306,83.97,1
17,66,1,62.301,43.32,0
17,66,1,69.301,51.56,1
17,66,1,76.302,53.23,1
17,66,1,83.302,95.02,1
17,66,1,104.38,17.06,0
17,66,1,111.31,98.48,1
17,66,1,118.3,34.34,0
17,66,1,125.26,54.35,1
17,66,1,133.27,60.21,1
17,66,1,139.29,5.54,0
17,66,1,146.33,6.32,0
17,66,1,154.3,97.53,1
17,66,1,160.31,10.38,0
17,66,1,167.3,99.04,1
17,66,1,174.31,36.89,0
17,66,1,181.31,17.65,0
17,66,1,6.3035,92.49,1
17,66,1,13.306,11.49,0
17,66,1,20.302,6.09,0
17,66,1,27.303,17.65,0
17,66,1,34.306,94.98,1
17,66,1,41.301,34.21,0
17,66,1,48.303,97.98,1
17,66,1,55.307,57.29,1
17,66,1,62.301,14.53,0
17,66,1,69.301,92.69,1
17,66,1,76.303,11.25,0
17,66,1,83.302,93.12,1
17,66,1,104.38,94.58,1
17,66,1,111.31,54.35,1
17,66,1,118.31,4.44,0
17,66,1,125.26,94.98,1
17,66,1,133.27,98.26,1
17,66,1,139.29,36.8,0
17,66,1,146.34,91.0,1
17,66,1,154.3,66.23,1
17,66,1,160.31,97.15,1
17,66,1,167.3,13.93,0
17,66,1,174.31,28.97,0
17,66,1,181.31,31.81,0
17,66,1,6.3035,42.09,0
17,66,1,13.306,8.83,0
17,66,1,20.303,13.89,0
17,66,1,27.304,17.65,0
17,66,1,34.306,98.28,1
17,66,1,41.302,6.48,0
17,66,1,48.304,22.22,0
17,66,1,55.308,90.46,1
17,66,1,62.301,50.32,1
17,66,1,69.301,98.52,1
17,66,1,76.303,30.37,0
17,66,1,83.303,18.57,0
17,66,1,104.38,87.16,1
17,66,1,111.31,86.21,1
17,66,1,118.31,45.79,0
17,66,1,125.26,94.58,1
17,66,1,133.27,95.44,1
17,66,1,139.29,91.57,1
17,66,1,146.34,54.35,1
17,66,1,154.3,54.35,1
17,66,1,160.31,54.35,1
17,66,1,167.3,5.6,0
17,66,1,174.31,7.59,0
17,66,1,181.31,94.54,1
17,66,1,6.3056,92.52,1
17,66,1,13.308,30.37,0
17,66,1,20.304,49.71,0
17,66,1,27.306,97.02,1
17,66,1,34.308,93.12,1
17,66,1,41.303,94.98,1
17,66,1,48.306,30.37,0
17,66,1,55.309,74.82,1
17,66,1,62.303,8.09,0
17,66,1,69.303,28.97,0
17,66,1,76.304,39.41,0
17,66,1,83.304,7.23,0
17,66,1,104.38,91.79,1
17,66,1,111.31,92.24,1
17,66,1,118.31,96.9,1
17,66,1,125.26,51.56,1
17,66,1,133.27,51.56,1
17,66,1,139.3,60.21,1
17,66,1,146.34,96.87,1
17,66,1,154.3,42.24,0
17,66,1,160.31,44.46,0
17,66,1,167.3,39.34,0
17,66,1,174.31,10.82,0
17,66,1,181.31,98.74,1
17,66,1,6.3056,13.01,0
17,66,1,13.308,54.35,1
17,66,1,20.305,17.77,0
17,66,1,27.306,89.83,1
17,66,1,34.308,98.47,1
17,66,1,41.304,11.72,0
17,66,1,48.306,96.17,1
17,66,1,55.309,40.61,0
17,66,1,62.303,17.65,0
17,66,1,69.303,30.37,0
17,66,1,76.305,8.55,0
17,66,1,83.305,5.36,0
17,66,1,104.38,96.38,1
17,66,1,111.31,78.54,1
17,66,1,118.31,94.54,1
17,66,1,125.26,7.59,0
17,66,1,133.27,60.21,1
17,66,1,139.3,94.66,1
17,66,1,146.34,66.96,1
17,66,1,154.31,61.46,1
17,66,1,160.31,60.21,1
17,66,1,167.3,61.46,1
17,66,1,174.31,14.66,0
17,66,1,181.31,61.46,1
17,66,1,6.3063,6.48,0
17,66,1,13.309,98.26,1
17,66,1,20.306,64.48,1
17,66,1,27.306,66.96,1
17,66,1,34.308,7.59,0
17,66,1,41.304,35.68,0
17,66,1,48.306,6.32,0
17,66,1,55.31,17.31,0
17,66,1,62.304,19.18,0
17,66,1,69.304,92.96,1
17,66,1,76.306,60.21,1
17,66,1,83.306,78.54,1
17,66,1,104.38,94.54,1
17,66,1,111.31,43.58,0
17,66,1,118.31,94.54,1
17,66,1,125.26,97.16,1
17,66,1,133.27,47.52,0
17,66,1,139.3,97.5,1
17,66,1,146.34,66.96,1
17,66,1,154.31,37.62,0
17,66,1,160.31,86.93,1
17,66,1,167.3,17.82,0
17,66,1,174.31,4.44,0
17,66,1,181.31,25.86,0
18,65,0,4.3604,93.92,1
18,65,0,11.357,93.92,1
18,65,0,18.346,99.04,1
18,65,0,25.388,97.5,1
18,65,0,32.447,95.18,1
18,65,0,39.417,99.04,1
18,65,0,53.384,99.04,1
18,65,0,60.349,82.64,1
18,65,0,67.43,97.5,1
18,65,0,74.386,99.04,1
18,65,0,81.352,91.79,1
18,65,0,88.372,99.05,1
18,65,0,98.415,98.08,1
18,65,0,102.42,94.41,1
18,65,0,109.4,97.5,1
18,65,0,116.36,98.73,1
18,65,0,123.39,95.61,1
18,65,0,130.39,77.76,1
18,65,0,137.4,97.5,1
18,65,0,158.37,98.73,1
18,65,0,165.36,99.19,1
18,65,0,4.3604,91.72,1
18,65,0,11.358,92.71,1
18,65,0,18.346,87.76,1
18,65,0,25.388,78.12,1
18,65,0,32.447,87.94,1
18,65,0,39.417,86.97,1
18,65,0,53.385,94.23,1
18,65,0,60.349,98.52,1
18,65,0,67.43,90.74,1
18,65,0,74.387,96.9,1
18,65,0,81.352,31.05,0
18,65,0,88.372,89.94,1
18,65,0,98.415,96.75,1
18,65,0,102.42,95.28,1
18,65,0,109.4,94.35,1
18,65,0,116.36,95.63,1
18,65,0,123.39,64.23,1
18,65,0,130.39,99.04,1
18,65,0,137.4,57.01,1
18,65,0,158.37,99.04,1
18,65,0,165.36,95.18,1
18,65,0,4.3611,87.94,1
18,65,0,11.358,93.45,1
18,65,0,18.347,92.44,1
18,65,0,25.389,99.04,1
18,65,0,32.448,94.31,1
18,65,0,39.417,44.46,0
18,65,0,53.385,98.22,1
18,65,0,60.349,79.56,1
18,65,0,67.43,60.21,1
18,65,0,74.387,97.5,1
18,65,0,81.353,49.8,0
18,65,0,88.373,90.09,1
18,65,0,98.415,99.64,1
18,65,0,102.42,96.45,1
18,65,0,109.4,48.68,0
18,65,0,116.36,96.9,1
18,65,0,123.4,97.71,1
18,65,0,130.39,90.27,1
18,65,0,137.4,79.99,1
18,65,0,158.37,90.51,1
18,65,0,165.36,61.56,1
18,65,0,4.3625,95.04,1
18,65,0,11.359,94.58,1
18,65,0,18.348,89.5,1
18,65,0,25.39,95.18,1
18,65,0,32.449,96.83,1
18,65,0,39.419,98.15,1
18,65,0,53.386,98.86,1
18,65,0,60.351,84.1,1
18,65,0,67.432,87.46,1
18,65,0,74.388,97.5,1
18,65,0,81.354,27.57,0
18,65,0,88.374,59.12,1
18,65,0,98.417,99.58,1
18,65,0,102.42,98.39,1
18,65,0,109.4,97.67,1
18,65,0,116.36,99.78,1
18,65,0,123.4,99.34,1
18,65,0,130.39,92.52,1
18,65,0,137.41,93.41,1
18,65,0,158.37,97.33,1
18,65,0,165.36,96.36,1
18,65,0,4.3625,96.78,1
18,65,0,11.36,98.28,1
18,65,0,18.348,97.19,1
18,65,0,25.39,94.14,1
18,65,0,32.449,89.91,1
18,65,0,39.419,90.72,1
18,65,0,53.386,77.43,1
18,65,0,60.351,26.19,0
18,65,0,67.432,94.23,1
18,65,0,74.389,31.75,0
18,65,0,81.354,6.77,0
18,65,0,88.374,93.06,1
18,65,0,98.417,63.4,1
18,65,0,102.42,72.23,1
18,65,0,109.4,25.17,0
18,65,0,116.36,83.06,1
18,65,0,123.4,92.69,1
18,65,0,130.39,88.46,1
18,65,0,137.41,96.76,1
18,65,0,158.37,95.63,1
18,65,0,165.36,87.07,1
18,65,0,4.3632,95.97,1
18,65,0,11.36,83.87,1
18,65,0,18.349,92.52,1
18,65,0,25.391,95.81,1
18,65,0,32.45,79.28,1
18,65,0,39.419,60.21,1
18,65,0,53.387,95.12,1
18,65,0,60.351,79.11,1
18,65,0,67.432,96.46,1
18,65,0,74.389,52.93,1
18,65,0,81.355,95.84,1
18,65,0,88.375,88.38,1
18,65,0,98.417,93.97,1
18,65,0,102.42,95.1,1
18,65,0,109.4,58.88,1
18,65,0,116.36,61.33,1
18,65,0,123.4,92.81,1
18,65,0,130.39,50.93,1
18,65,0,137.41,32.31,0
18,65,0,158.37,28.41,0
18,65,0,165.36,90.53,1
19,55,0,25.753,99.55,1
19,55,0,32.729,99.81,1
19,55,0,39.776,99.78,1
19,55,0,46.581,99.81,1
19,55,0,53.828,99.78,1
19,55,0,60.729,99.32,1
19,55,0,67.792,99.78,1
19,55,0,75.424,99.78,1
19,55,0,81.731,99.78,1
19,55,0,88.837,99.78,1
19,55,0,95.506,99.78,1
19,55,0,103.85,99.78,1
19,55,0,117.78,99.74,1
19,55,0,124.8,99.58,1
19,55,0,137.83,99.78,1
19,55,0,147.82,99.78,1
19,55,0,151.69,99.65,1
19,55,0,158.84,99.78,1
19,55,0,168.83,99.81,1
19,55,0,172.83,99.78,1
19,55,0,183.82,99.78,1
19,55,0,195.79,99.78,1
19,55,0,25.753,99.78,1
19,55,0,32.73,99.78,1
19,55,0,39.776,99.78,1
19,55,0,46.582,99.78,1
19,55,0,53.828,99.78,1
19,55,0,60.73,99.38,1
19,55,0,67.792,99.78,1
19,55,0,75.425,97.58,1
19,55,0,81.731,99.78,1
19,55,0,88.838,99.78,1
19,55,0,95.506,99.78,1
19,55,0,103.85,99.36,1
19,55,0,117.78,99.78,1
19,55,0,124.8,99.78,1
19,55,0,137.83,99.78,1
19,55,0,147.82,99.78,1
19,55,0,151.7,99.78,1
19,55,0,158.84,99.81,1
19,55,0,168.84,99.78,1
19,55,0,172.83,99.78,1
19,55,0,183.82,99.78,1
19,55,0,195.79,99.78,1
19,55,0,25.753,99.38,1
19,55,0,32.731,99.78,1
19,55,0,39.776,99.78,1
19,55,0,46.582,99.78,1
19,55,0,53.828,99.81,1
19,55,0,60.73,99.74,1
19,55,0,67.793,99.81,1
19,55,0,75.426,99.18,1
19,55,0,81.731,99.78,1
19,55,0,88.838,99.78,1
19,55,0,95.506,99.78,1
19,55,0,103.85,99.65,1
19,55,0,117.78,99.78,1
19,55,0,124.81,99.78,1
19,55,0,137.83,99.81,1
19,55,0,147.82,99.78,1
19,55,0,151.7,99.78,1
19,55,0,158.84,99.81,1
19,55,0,168.84,99.78,1
19,55,0,172.83,99.78,1
19,55,0,183.82,99.78,1
19,55,0,195.79,99.78,1
19,55,0,25.756,99.78,1
19,55,0,32.732,99.81,1
19,55,0,39.778,99.78,1
19,55,0,46.584,99.78,1
19,55,0,60.732,99.74,1
19,55,0,67.795,99.78,1
19,55,0,75.427,99.78,1
19,55,0,81.733,99.78,1
19,55,0,88.84,99.78,1
19,55,0,95.508,99.78,1
19,55,0,103.85,99.77,1
19,55,0,117.78,99.65,1
19,55,0,124.81,99.78,1
19,55,0,137.83,99.78,1
19,55,0,147.82,99.78,1
19,55,0,151.7,99.81,1
19,55,0,158.84,99.78,1
19,55,0,168.84,99.78,1
19,55,0,172.83,99.78,1
19,55,0,183.82,99.78,1
19,55,0,195.79,99.74,1
19,55,0,25.756,99.05,1
19,55,0,32.732,99.78,1
19,55,0,39.778,99.78,1
19,55,0,46.584,99.78,1
19,55,0,53.83,99.78,1
19,55,0,60.732,99.38,1
19,55,0,67.795,99.7,1
19,55,0,75.428,94.25,1
19,55,0,81.733,99.64,1
19,55,0,88.84,98.82,1
19,55,0,95.509,99.78,1
19,55,0,103.85,92.61,1
19,55,0,117.78,99.04,1
19,55,0,124.81,95.63,1
19,55,0,137.83,99.78,1
19,55,0,151.7,99.74,1
19,55,0,158.84,99.78,1
19,55,0,168.84,99.04,1
19,55,0,183.82,99.78,1
19,55,0,195.79,99.78,1
19,55,0,25.756,96.74,1
19,55,0,32.733,99.78,1
19,55,0,39.779,99.64,1
19,55,0,46.585,99.78,1
19,55,0,53.831,99.78,1
19,55,0,60.733,98.73,1
19,55,0,67.796,99.64,1
19,55,0,75.428,98.19,1
19,55,0,81.734,99.29,1
19,55,0,88.84,99.78,1
19,55,0,95.509,99.78,1
19,55,0,103.85,97.71,1
19,55,0,117.78,81.4,1
19,55,0,124.81,99.46,1
19,55,0,137.83,98.82,1
19,55,0,147.82,99.04,1
19,55,0,151.7,99.78,1
19,55,0,158.84,99.78,1
19,55,0,168.84,99.78,1
19,55,0,172.83,98.07,1
19,55,0,183.82,99.56,1
19,55,0,195.79,99.78,1
20,67,0,5.416,99.81,1
20,67,0,11.806,99.81,1
20,67,0,18.938,95.84,1
20,67,0,25.831,98.41,1
20,67,0,32.815,82.19,1
20,67,0,39.841,98.8,1
20,67,0,46.845,99.81,1
20,67,0,53.816,96.8,1
20,67,0,60.806,99.81,1
20,67,0,67.887,99.58,1
20,67,0,74.862,97.74,1
20,67,0,102.81,99.53,1
20,67,0,109.78,98.45,1
20,67,0,116.91,94.26,1
20,67,0,123.82,99.81,1
20,67,0,130.83,99.23,1
20,67,0,137.86,96.09,1
20,67,0,144.91,99.35,1
20,67,0,151.85,99.81,1
20,67,0,158.85,99.81,1
20,67,0,179.79,99.81,1
20,67,0,5.4167,99.81,1
20,67,0,11.806,99.61,1
20,67,0,18.939,93.58,1
20,67,0,25.832,99.81,1
20,67,0,32.815,63.66,1
20,67,0,39.842,99.81,1
20,67,0,53.816,99.81,1
20,67,0,60.806,99.81,1
20,67,0,67.887,99.66,1
20,67,0,74.862,90.9,1
20,67,0,96.88,99.81,1
20,67,0,102.81,97.62,1
20,67,0,109.78,99.81,1
20,67,0,116.91,95.75,1
20,67,0,123.82,99.81,1
20,67,0,130.83,99.04,1
20,67,0,137.86,99.81,1
20,67,0,144.92,99.81,1
20,67,0,151.85,99.66,1
20,67,0,158.85,98.17,1
20,67,0,165.79,99.4,1
20,67,0,172.82,99.4,1
20,67,0,179.79,99.64,1
20,67,0,5.4167,99.81,1
20,67,0,11.806,99.81,1
20,67,0,18.939,97.62,1
20,67,0,25.832,99.81,1
20,67,0,32.816,98.79,1
20,67,0,46.846,95.74,1
20,67,0,53.817,99.64,1
20,67,0,60.806,99.37,1
20,67,0,67.888,99.64,1
20,67,0,74.863,98.17,1
20,67,0,96.881,99.78,1
20,67,0,102.81,99.78,1
20,67,0,109.78,99.81,1
20,67,0,116.91,71.95,1
20,67,0,123.83,98.0,1
20,67,0,130.83,99.77,1
20,67,0,137.86,99.81,1
20,67,0,144.92,99.77,1
20,67,0,151.85,99.64,1
20,67,0,158.85,99.77,1
20,67,0,165.79,99.22,1
20,67,0,172.82,98.55,1
20,67,0,179.79,99.61,1
20,67,0,5.4181,99.81,1
20,67,0,11.808,93.08,1
20,67,0,18.94,99.81,1
20,67,0,25.833,99.48,1
20,67,0,39.843,97.93,1
20,67,0,46.847,95.57,1
20,67,0,53.818,99.75,1
20,67,0,60.808,99.44,1
20,67,0,74.864,99.81,1
20,67,0,96.882,99.78,1
20,67,0,102.82,99.81,1
20,67,0,109.78,99.81,1
20,67,0,116.91,99.21,1
20,67,0,123.83,96.79,1
20,67,0,130.83,99.49,1
20,67,0,137.87,99.81,1
20,67,0,144.92,99.64,1
20,67,0,151.85,99.81,1
20,67,0,158.86,99.81,1
20,67,0,165.79,99.75,1
20,67,0,172.82,98.14,1
20,67,0,179.79,99.65,1
20,67,0,5.4187,99.81,1
20,67,0,11.808,99.61,1
20,67,0,18.941,99.78,1
20,67,0,32.817,99.23,1
20,67,0,39.844,99.44,1
20,67,0,46.847,99.25,1
20,67,0,53.819,98.38,1
20,67,0,60.808,99.78,1
20,67,0,67.89,99.21,1
20,67,0,74.865,99.01,1
20,67,0,96.883,99.52,1
20,67,0,102.82,99.78,1
20,67,0,109.78,99.61,1
20,67,0,116.91,93.24,1
20,67,0,123.83,99.25,1
20,67,0,130.83,99.74,1
20,67,0,137.87,99.78,1
20,67,0,144.92,99.78,1
20,67,0,151.85,99.78,1
20,67,0,158.86,99.81,1
20,67,0,165.79,99.78,1
20,67,0,172.82,99.61,1
20,67,0,179.79,95.25,1
20,67,0,5.4187,99.78,1
20,67,0,11.808,99.21,1
20,67,0,18.941,99.48,1
20,67,0,25.834,91.33,1
20,67,0,32.818,99.61,1
20,67,0,39.844,99.54,1
20,67,0,46.848,99.61,1
20,67,0,53.819,99.81,1
20,67,0,60.808,99.78,1
20,67,0,67.89,99.78,1
20,67,0,74.865,99.61,1
20,67,0,96.883,99.78,1
20,67,0,102.82,99.78,1
20,67,0,109.78,99.78,1
20,67,0,116.91,99.75,1
20,67,0,123.83,99.64,1
20,67,0,130.83,99.48,1
20,67,0,137.87,99.51,1
20,67,0,144.92,99.73,1
20,67,0,151.85,99.78,1
20,67,0,165.79,99.78,1
20,67,0,179.79,99.78,1
21,73,0,12.681,99.78,1
21,73,0,18.826,97.6,1
21,73,0,25.754,99.04,1
21,73,0,32.843,99.04,1
21,73,0,39.711,99.04,1
21,73,0,46.854,99.78,1
21,73,0,53.844,99.04,1
21,73,0,60.838,99.78,1
21,73,0,67.845,99.04,1
21,73,0,73.779,99.04,1
21,73,0,81.801,99.04,1
21,73,0,88.788,99.64,1
21,73,0,95.846,95.33,1
21,73,0,123.83,99.04,1
21,73,0,130.79,99.04,1
21,73,0,137.84,99.78,1
21,73,0,144.83,99.04,1
21,73,0,151.83,99.04,1
21,73,0,158.79,99.04,1
21,73,0,168.81,99.04,1
21,73,0,186.88,99.04,1
21,73,0,12.681,97.05,1
21,73,0,18.826,99.78,1
21,73,0,25.755,97.5,1
21,73,0,32.843,99.78,1
21,73,0,39.711,99.23,1
21,73,0,46.855,99.78,1
21,73,0,53.844,95.33,1
21,73,0,60.838,99.78,1
21,73,0,67.846,92.52,1
21,73,0,73.78,99.64,1
21,73,0,81.801,99.04,1
21,73,0,88.788,99.78,1
21,73,0,95.847,99.04,1
21,73,0,123.83,81.25,1
21,73,0,130.79,99.64,1
21,73,0,137.84,99.04,1
21,73,0,144.83,99.04,1
21,73,0,151.83,97.5,1
21,73,0,158.79,99.04,1
21,73,0,186.88,99.04,1
21,73,0,12.681,99.23,1
21,73,0,18.826,99.61,1
21,73,0,25.756,99.04,1
21,73,0,32.844,99.64,1
21,73,0,39.712,84.86,1
21,73,0,46.856,99.78,1
21,73,0,53.844,99.04,1
21,73,0,60.838,99.78,1
21,73,0,67.847,99.04,1
21,73,0,73.781,99.78,1
21,73,0,81.801,97.5,1
21,73,0,88.789,99.78,1
21,73,0,95.847,99.04,1
21,73,0,123.83,86.25,1
21,73,0,130.79,99.23,1
21,73,0,137.84,99.04,1
21,73,0,144.83,99.04,1
21,73,0,151.83,95.33,1
21,73,0,158.79,99.04,1
21,73,0,168.81,86.84,1
21,73,0,186.88,99.04,1
21,73,0,12.683,99.78,1
21,73,0,18.828,98.12,1
21,73,0,25.757,99.78,1
21,73,0,32.845,96.67,1
21,73,0,39.713,98.77,1
21,73,0,46.857,99.61,1
21,73,0,53.846,89.36,1
21,73,0,67.848,81.25,1
21,73,0,73.782,99.78,1
21,73,0,88.79,99.64,1
21,73,0,95.849,99.04,1
21,73,0,123.83,99.04,1
21,73,0,130.79,99.78,1
21,73,0,137.84,99.64,1
21,73,0,144.83,99.04,1
21,73,0,151.83,99.04,1
21,73,0,158.8,99.04,1
21,73,0,168.82,99.04,1
21,73,0,186.88,97.5,1
21,73,0,12.683,99.04,1
21,73,0,18.828,99.04,1
21,73,0,25.758,97.5,1
21,73,0,32.846,97.68,1
21,73,0,39.714,95.33,1
21,73,0,46.858,99.04,1
21,73,0,53.847,99.04,1
21,73,0,60.84,98.52,1
21,73,0,67.849,91.79,1
21,73,0,73.783,96.15,1
21,73,0,81.803,99.04,1
21,73,0,88.791,90.89,1
21,73,0,95.849,92.52,1
21,73,0,123.83,92.52,1
21,73,0,130.79,97.68,1
21,73,0,137.84,99.04,1
21,73,0,144.83,97.02,1
21,73,0,151.83,94.82,1
21,73,0,158.8,97.5,1
21,73,0,168.82,97.5,1
21,73,0,186.88,95.68,1
21,73,0,12.683,97.23,1
21,73,0,18.829,95.33,1
21,73,0,25.758,97.5,1
21,73,0,32.847,97.5,1
21,73,0,39.714,97.5,1
21,73,0,46.858,99.04,1
21,73,0,53.847,99.04,1
21,73,0,60.84,99.04,1
21,73,0,67.849,99.04,1
21,73,0,73.783,95.33,1
21,73,0,81.804,91.73,1
21,73,0,88.792,93.92,1
21,73,0,95.849,99.04,1
21,73,0,123.83,81.1,1
21,73,0,130.79,99.04,1
21,73,0,137.84,97.5,1
21,73,0,144.83,90.89,1
21,73,0,151.83,99.04,1
21,73,0,158.8,99.04,1
21,73,0,168.82,97.5,1
21,73,0,186.88,97.5,1
22,57,1,12.872,91.75,1
22,57,1,19.902,65.7,1
22,57,1,26.772,95.04,1
22,57,1,33.837,89.15,1
22,57,1,40.844,61.46,1
22,57,1,47.787,67.29,1
22,57,1,54.807,30.37,0
22,57,1,75.861,66.96,1
22,57,1,82.917,88.8,1
22,57,1,89.852,61.46,1
22,57,1,96.842,67.75,1
22,57,1,110.93,61.46,1
22,57,1,117.88,78.54,1
22,57,1,124.88,90.95,1
22,57,1,131.87,97.23,1
22,57,1,138.87,61.46,1
22,57,1,145.82,79.05,1
22,57,1,152.89,61.46,1
22,57,1,165.88,98.84,1
22,57,1,12.872,83.06,1
22,57,1,19.902,83.06,1
22,57,1,26.773,97.7,1
22,57,1,33.838,66.96,1
22,57,1,40.844,95.62,1
22,57,1,54.807,69.76,1
22,57,1,75.861,81.76,1
22,57,1,82.917,93.13,1
22,57,1,89.852,53.95,1
22,57,1,96.842,78.54,1
22,57,1,110.93,80.96,1
22,57,1,117.88,8.48,0
22,57,1,124.88,61.46,1
22,57,1,131.87,78.54,1
22,57,1,138.87,54.35,1
22,57,1,152.89,98.65,1
22,57,1,159.87,98.52,1
22,57,1,165.88,70.78,1
22,57,1,12.872,83.06,1
22,57,1,19.903,83.06,1
22,57,1,26.773,83.06,1
22,57,1,33.838,60.21,1
22,57,1,40.844,84.59,1
22,57,1,54.808,60.21,1
22,57,1,75.862,98.2,1
22,57,1,82.918,97.87,1
22,57,1,89.852,54.35,1
22,57,1,96.842,54.35,1
22,57,1,110.93,78.54,1
22,57,1,117.88,57.29,1
22,57,1,124.88,96.78,1
22,57,1,131.87,80.38,1
22,57,1,145.82,48.78,0
22,57,1,152.89,61.46,1
22,57,1,159.87,98.33,1
22,57,1,12.873,63.81,1
22,57,1,19.904,83.06,1
22,57,1,26.774,78.93,1
22,57,1,33.839,61.46,1
22,57,1,40.846,90.69,1
22,57,1,47.789,83.31,1
22,57,1,54.809,78.54,1
22,57,1,75.863,84.59,1
22,57,1,82.919,98.99,1
22,57,1,89.853,94.58,1
22,57,1,96.844,30.37,0
22,57,1,110.93,87.53,1
22,57,1,117.88,79.95,1
22,57,1,124.88,96.34,1
22,57,1,131.87,95.55,1
22,57,1,138.87,35.21,0
22,57,1,145.82,80.38,1
22,57,1,152.89,69.22,1
22,57,1,159.87,54.35,1
22,57,1,165.88,80.38,1
22,57,1,12.874,83.06,1
22,57,1,19.904,83.06,1
22,57,1,26.774,66.96,1
22,57,1,33.839,64.93,1
22,57,1,40.847,95.91,1
22,57,1,47.79,93.43,1
22,57,1,54.809,70.86,1
22,57,1,75.863,97.37,1
22,57,1,82.919,61.46,1
22,57,1,89.854,94.1,1
22,57,1,96.844,44.46,0
22,57,1,110.93,61.46,1
22,57,1,117.88,96.59,1
22,57,1,124.88,89.8,1
22,57,1,131.87,64.39,1
22,57,1,138.87,97.89,1
22,57,1,145.82,35.21,0
22,57,1,152.89,91.42,1
22,57,1,159.87,96.22,1
22,57,1,165.88,83.39,1
22,57,1,12.874,61.46,1
22,57,1,19.905,65.85,1
22,57,1,26.775,98.14,1
22,57,1,33.84,61.46,1
22,57,1,40.847,98.33,1
22,57,1,47.79,95.87,1
22,57,1,54.81,97.51,1
22,57,1,75.863,83.06,1
22,57,1,82.919,61.46,1
22,57,1,89.854,83.39,1
22,57,1,96.844,37.82,0
22,57,1,117.88,98.8,1
22,57,1,124.88,83.06,1
22,57,1,131.87,96.22,1
22,57,1,138.87,98.41,1
22,57,1,152.89,66.96,1
22,57,1,159.87,98.8,1
22,57,1,165.88,83.06,1
23,59,1,9.3958,98.63,1
23,59,1,16.456,99.73,1
23,59,1,23.447,99.73,1
23,59,1,30.509,99.78,1
23,59,1,38.389,99.61,1
23,59,1,45.422,99.08,1
23,59,1,51.418,97.61,1
23,59,1,58.395,99.78,1
23,59,1,71.48,99.77,1
23,59,1,79.501,99.32,1
23,59,1,86.449,98.26,1
23,59,1,93.419,99.6,1
23,59,1,107.51,99.77,1
23,59,1,114.52,99.08,1
23,59,1,121.51,99.77,1
23,59,1,128.47,97.99,1
23,59,1,136.52,98.82,1
23,59,1,143.38,98.2,1
23,59,1,149.46,97.17,1
23,59,1,157.53,99.5,1
23,59,1,163.41,99.63,1
23,59,1,170.47,93.55,1
23,59,1,177.51,96.38,1
23,59,1,9.3958,99.69,1
23,59,1,16.456,84.82,1
23,59,1,23.447,99.85,1
23,59,1,30.51,99.85,1
23,59,1,38.39,99.4,1
23,59,1,45.422,99.78,1
23,59,1,51.419,84.08,1
23,59,1,58.396,97.77,1
23,59,1,71.481,99.5,1
23,59,1,79.501,99.47,1
23,59,1,86.45,98.18,1
23,59,1,93.419,99.69,1
23,59,1,107.51,98.62,1
23,59,1,114.52,65.94,1
23,59,1,121.51,99.38,1
23,59,1,128.47,50.54,1
23,59,1,136.52,97.9,1
23,59,1,143.38,34.34,0
23,59,1,149.46,98.97,1
23,59,1,157.53,98.82,1
23,59,1,163.41,99.08,1
23,59,1,170.47,75.7,1
23,59,1,177.51,99.42,1
23,59,1,9.3965,99.23,1
23,59,1,16.457,99.78,1
23,59,1,23.448,99.78,1
23,59,1,30.51,99.77,1
23,59,1,38.39,99.68,1
23,59,1,45.423,99.11,1
23,59,1,51.419,98.48,1
23,59,1,58.396,98.93,1
23,59,1,71.481,99.68,1
23,59,1,79.502,99.5,1
23,59,1,86.45,96.37,1
23,59,1,93.419,98.71,1
23,59,1,107.51,95.89,1
23,59,1,114.52,75.86,1
23,59,1,121.51,99.83,1
23,59,1,128.47,85.58,1
23,59,1,136.52,96.72,1
23,59,1,143.38,51.63,1
23,59,1,149.46,40.2,0
23,59,1,157.53,81.77,1
23,59,1,163.41,97.66,1
23,59,1,170.47,73.76,1
23,59,1,177.51,94.38,1
23,59,1,9.3979,98.26,1
23,59,1,16.458,98.72,1
23,59,1,23.449,99.47,1
23,59,1,30.511,98.31,1
23,59,1,38.391,99.69,1
23,59,1,45.424,99.77,1
23,59,1,51.42,99.61,1
23,59,1,58.397,99.08,1
23,59,1,71.482,99.78,1
23,59,1,79.503,98.72,1
23,59,1,86.451,99.08,1
23,59,1,93.421,99.69,1
23,59,1,107.52,99.73,1
23,59,1,114.52,99.47,1
23,59,1,121.51,90.41,1
23,59,1,128.47,24.54,0
23,59,1,136.52,99.52,1
23,59,1,143.38,63.49,1
23,59,1,149.46,95.19,1
23,59,1,157.53,99.34,1
23,59,1,163.42,25.52,0
23,59,1,170.48,98.0,1
23,59,1,177.51,74.14,1
23,59,1,9.3979,99.14,1
23,59,1,16.458,99.3,1
23,59,1,23.449,97.09,1
23,59,1,30.512,96.34,1
23,59,1,38.392,86.87,1
23,59,1,45.424,99.22,1
23,59,1,51.421,97.5,1
23,59,1,58.398,87.22,1
23,59,1,71.483,97.09,1
23,59,1,79.503,54.06,1
23,59,1,86.452,8.13,0
23,59,1,93.421,25.86,0
23,59,1,107.52,83.65,1
23,59,1,114.52,8.79,0
23,59,1,121.51,94.58,1
23,59,1,128.47,34.34,0
23,59,1,136.52,10.59,0
23,59,1,143.38,98.32,1
23,59,1,149.46,5.81,0
23,59,1,157.53,6.88,0
23,59,1,163.42,37.31,0
23,59,1,170.48,7.92,0
23,59,1,177.51,41.02,0
23,59,1,9.3986,84.65,1
23,59,1,16.459,96.24,1
23,59,1,23.45,40.53,0
23,59,1,30.512,81.61,1
23,59,1,38.392,87.16,1
23,59,1,45.425,34.34,0
23,59,1,51.421,96.42,1
23,59,1,58.398,6.34,0
23,59,1,71.483,97.36,1
23,59,1,79.504,21.04,0
23,59,1,86.452,87.24,1
23,59,1,93.422,96.83,1
23,59,1,107.52,29.06,0
23,59,1,114.52,19.09,0
23,59,1,121.51,43.58,0
23,59,1,128.47,13.89,0
23,59,1,136.52,31.71,0
23,59,1,143.38,31.05,0
23,59,1,149.47,92.69,1
23,59,1,157.53,96.23,1
23,59,1,163.42,5.96,0
23,59,1,170.48,5.6,0
23,59,1,177.51,41.02,0
24,60,0,11.761,99.78,1
24,60,0,18.81,99.81,1
24,60,0,26.815,99.81,1
24,60,0,34.801,99.81,1
24,60,0,39.826,99.81,1
24,60,0,46.773,99.81,1
24,60,0,54.862,99.78,1
24,60,0,60.804,99.81,1
24,60,0,67.759,99.81,1
24,60,0,74.756,99.81,1
24,60,0,83.797,99.81,1
24,60,0,88.79,99.78,1
24,60,0,96.799,99.78,1
24,60,0,102.79,99.81,1
24,60,0,110.84,99.81,1
24,60,0,117.81,99.74,1
24,60,0,126.79,99.61,1
24,60,0,133.77,99.64,1
24,60,0,137.78,99.81,1
24,60,0,145.8,99.78,1
24,60,0,153.76,99.78,1
24,60,0,158.8,99.78,1
24,60,0,165.76,99.78,1
24,60,0,174.84,99.81,1
24,60,0,179.77,99.81,1
24,60,0,186.81,99.78,1
24,60,0,11.761,99.78,1
24,60,0,18.811,99.7,1
24,60,0,26.816,99.61,1
24,60,0,34.801,98.12,1
24,60,0,39.826,99.81,1
24,60,0,46.773,99.81,1
24,60,0,54.863,99.81,1
24,60,0,60.805,99.78,1
24,60,0,67.759,98.96,1
24,60,0,74.756,99.55,1
24,60,0,83.798,99.81,1
24,60,0,88.791,99.78,1
24,60,0,96.799,99.81,1
24,60,0,102.79,99.78,1
24,60,0,110.84,99.81,1
24,60,0,117.81,99.61,1
24,60,0,126.8,99.78,1
24,60,0,133.77,99.78,1
24,60,0,137.78,99.61,1
24,60,0,145.8,99.81,1
24,60,0,153.76,99.78,1
24,60,0,158.8,98.12,1
24,60,0,165.76,99.78,1
24,60,0,174.84,99.81,1
24,60,0,179.77,99.7,1
24,60,0,186.81,99.78,1
24,60,0,11.762,89.63,1
24,60,0,18.811,99.78,1
24,60,0,26.816,99.61,1
24,60,0,34.801,99.78,1
24,60,0,39.826,99.81,1
24,60,0,46.773,99.81,1
24,60,0,54.863,99.78,1
24,60,0,60.805,99.81,1
24,60,0,67.76,99.81,1
24,60,0,74.756,99.81,1
24,60,0,83.798,99.78,1
24,60,0,88.791,99.78,1
24,60,0,96.799,99.78,1
24,60,0,102.79,99.81,1
24,60,0,110.84,99.7,1
24,60,0,117.81,99.7,1
24,60,0,126.8,98.8,1
24,60,0,133.77,98.12,1
24,60,0,137.78,99.01,1
24,60,0,145.8,99.78,1
24,60,0,153.76,99.48,1
24,60,0,158.8,98.12,1
24,60,0,165.76,99.78,1
24,60,0,174.84,99.81,1
24,60,0,179.77,99.37,1
24,60,0,186.81,99.61,1
24,60,0,11.763,99.78,1
24,60,0,18.813,99.81,1
24,60,0,26.817,99.81,1
24,60,0,34.803,98.96,1
24,60,0,39.828,99.81,1
24,60,0,46.775,99.81,1
24,60,0,54.864,99.66,1
24,60,0,60.806,99.78,1
24,60,0,67.761,99.78,1
24,60,0,74.758,99.81,1
24,60,0,83.799,99.78,1
24,60,0,88.792,99.78,1
24,60,0,96.801,99.78,1
24,60,0,102.79,99.78,1
24,60,0,110.85,99.81,1
24,60,0,117.82,99.78,1
24,60,0,126.8,99.81,1
24,60,0,133.77,99.25,1
24,60,0,137.78,99.78,1
24,60,0,145.8,97.89,1
24,60,0,153.76,97.89,1
24,60,0,158.8,99.78,1
24,60,0,165.76,99.81,1
24,60,0,174.85,99.66,1
24,60,0,179.77,97.89,1
24,60,0,186.81,99.81,1
24,60,0,11.764,99.01,1
24,60,0,18.813,99.08,1
24,60,0,26.818,99.78,1
24,60,0,34.803,99.78,1
24,60,0,39.828,99.81,1
24,60,0,46.775,98.96,1
24,60,0,54.865,99.61,1
24,60,0,60.807,95.48,1
24,60,0,67.761,98.96,1
24,60,0,74.758,99.78,1
24,60,0,83.8,98.17,1
24,60,0,88.793,99.78,1
24,60,0,96.801,99.08,1
24,60,0,102.79,99.66,1
24,60,0,110.85,99.81,1
24,60,0,117.82,99.48,1
24,60,0,126.8,99.3,1
24,60,0,133.77,99.78,1
24,60,0,137.78,98.12,1
24,60,0,145.8,99.78,1
24,60,0,153.76,99.61,1
24,60,0,158.8,99.78,1
24,60,0,165.76,98.33,1
24,60,0,174.85,99.81,1
24,60,0,179.77,99.81,1
24,60,0,186.81,99.58,1
24,60,0,11.764,99.78,1
24,60,0,18.813,99.61,1
24,60,0,26.818,99.81,1
24,60,0,34.803,99.61,1
24,60,0,39.828,99.81,1
24,60,0,46.775,99.25,1
24,60,0,54.865,99.78,1
24,60,0,60.807,99.78,1
24,60,0,67.762,95.48,1
24,60,0,74.758,99.1,1
24,60,0,83.8,99.66,1
24,60,0,88.793,99.48,1
24,60,0,96.801,99.64,1
24,60,0,102.79,98.61,1
24,60,0,110.85,99.81,1
24,60,0,117.82,98.96,1
24,60,0,126.8,99.61,1
24,60,0,133.77,95.48,1
24,60,0,137.78,95.48,1
24,60,0,145.8,99.78,1
24,60,0,153.76,99.78,1
24,60,0,158.8,98.12,1
24,60,0,165.76,99.58,1
24,60,0,174.85,98.17,1
24,60,0,179.77,99.61,1
24,60,0,186.81,99.61,1
25,76,0,3.3924,99.04,1
25,76,0,4.4174,99.04,1
25,76,0,6.4035,99.04,1
25,76,0,13.401,96.72,1
25,76,0,20.397,99.04,1
25,76,0,27.615,99.04,1
25,76,0,34.399,99.04,1
25,76,0,41.44,99.04,1
25,76,0,49.419,99.04,1
25,76,0,56.395,66.41,1
25,76,0,63.392,99.04,1
25,76,0,70.417,99.04,1
25,76,0,77.412,99.04,1
25,76,0,85.393,99.04,1
25,76,0,99.586,99.04,1
25,76,0,105.37,97.02,1
25,76,0,112.45,99.04,1
25,76,0,126.45,96.72,1
25,76,0,133.39,99.04,1
25,76,0,140.37,97.5,1
25,76,0,147.39,99.04,1
25,76,0,162.34,99.04,1
25,76,0,168.45,99.04,1
25,76,0,174.38,99.04,1
25,76,0,3.3924,99.04,1
25,76,0,4.4181,99.04,1
25,76,0,6.4042,99.04,1
25,76,0,13.401,99.04,1
25,76,0,20.397,95.54,1
25,76,0,27.615,99.04,1
25,76,0,34.399,99.04,1
25,76,0,41.44,72.41,1
25,76,0,49.42,96.59,1
25,76,0,56.396,94.17,1
25,76,0,63.392,99.04,1
25,76,0,70.418,99.04,1
25,76,0,77.413,95.33,1
25,76,0,85.394,99.04,1
25,76,0,99.587,96.93,1
25,76,0,105.37,99.04,1
25,76,0,112.45,31.75,0
25,76,0,126.45,49.05,0
25,76,0,133.39,92.26,1
25,76,0,140.37,91.47,1
25,76,0,147.39,98.68,1
25,76,0,162.34,95.33,1
25,76,0,168.45,98.93,1
25,76,0,174.38,98.73,1
25,76,0,3.3931,99.04,1
25,76,0,4.4181,99.04,1
25,76,0,6.4049,97.5,1
25,76,0,13.402,97.5,1
25,76,0,20.398,93.68,1
25,76,0,27.615,99.04,1
25,76,0,34.4,95.33,1
25,76,0,41.441,33.83,0
25,76,0,49.421,91.47,1
25,76,0,56.397,66.9,1
25,76,0,63.392,45.46,0
25,76,0,70.419,99.04,1
25,76,0,77.413,96.72,1
25,76,0,85.394,93.92,1
25,76,0,99.587,97.09,1
25,76,0,105.37,97.09,1
25,76,0,112.45,76.58,1
25,76,0,126.45,97.5,1
25,76,0,133.39,94.05,1
25,76,0,140.37,93.92,1
25,76,0,147.39,81.25,1
25,76,0,162.34,85.43,1
25,76,0,168.45,99.04,1
25,76,0,174.39,99.04,1
25,76,0,3.3944,99.04,1
25,76,0,4.4201,91.47,1
25,76,0,6.4063,91.47,1
25,76,0,13.403,44.04,0
25,76,0,20.399,99.04,1
25,76,0,27.617,99.04,1
25,76,0,34.401,99.04,1
25,76,0,41.442,72.41,1
25,76,0,49.422,43.15,0
25,76,0,56.398,99.04,1
25,76,0,63.394,96.92,1
25,76,0,70.42,99.04,1
25,76,0,77.415,99.04,1
25,76,0,85.396,97.5,1
25,76,0,99.588,59.84,1
25,76,0,105.37,45.08,0
25,76,0,112.45,15.93,0
25,76,0,126.45,98.68,1
25,76,0,133.39,63.6,1
25,76,0,140.37,79.36,1
25,76,0,147.39,98.68,1
25,76,0,162.35,94.81,1
25,76,0,168.45,94.17,1
25,76,0,174.39,97.09,1
25,76,0,3.3951,99.04,1
25,76,0,4.4208,91.47,1
25,76,0,6.4069,99.04,1
25,76,0,13.404,99.04,1
25,76,0,20.4,99.04,1
25,76,0,27.617,99.04,1
25,76,0,34.402,99.04,1
25,76,0,41.443,13.89,0
25,76,0,49.423,72.41,1
25,76,0,56.399,99.04,1
25,76,0,63.394,81.25,1
25,76,0,70.42,72.41,1
25,76,0,77.415,81.25,1
25,76,0,85.396,27.59,0
25,76,0,99.589,99.04,1
25,76,0,105.37,63.6,1
25,76,0,112.45,81.99,1
25,76,0,126.45,9.04,0
25,76,0,133.39,91.47,1
25,76,0,140.37,81.25,1
25,76,0,147.39,42.05,0
25,76,0,162.35,98.26,1
25,76,0,168.45,99.04,1
25,76,0,174.39,99.04,1
25,76,0,3.3958,99.04,1
25,76,0,4.4208,99.04,1
25,76,0,6.4076,81.25,1
25,76,0,13.405,99.04,1
25,76,0,20.401,99.04,1
25,76,0,27.618,77.24,1
25,76,0,34.402,99.04,1
25,76,0,41.444,99.04,1
25,76,0,49.423,99.04,1
25,76,0,56.399,91.79,1
25,76,0,63.394,57.01,1
25,76,0,70.421,97.09,1
25,76,0,77.416,91.17,1
25,76,0,85.397,84.86,1
25,76,0,99.59,81.27,1
25,76,0,105.37,96.72,1
25,76,0,112.45,81.27,1
25,76,0,126.45,77.2,1
25,76,0,133.39,77.57,1
25,76,0,140.37,95.33,1
25,76,0,147.39,96.04,1
25,76,0,162.35,99.04,1
25,76,0,168.45,99.04,1
25,76,0,174.39,99.04,1
26,49,0,11.887,99.78,1
26,49,0,17.787,97.5,1
26,49,0,24.843,99.45,1
26,49,0,31.78,99.78,1
26,49,0,45.765,99.81,1
26,49,0,52.964,99.78,1
26,49,0,59.835,99.78,1
26,49,0,66.85,99.78,1
26,49,0,73.815,99.64,1
26,49,0,80.817,99.78,1
26,49,0,87.903,99.78,1
26,49,0,94.904,99.78,1
26,49,0,108.88,99.78,1
26,49,0,122.8,99.78,1
26,49,0,136.69,99.04,1
26,49,0,144.89,99.78,1
26,49,0,151.93,99.78,1
26,49,0,161.87,99.04,1
26,49,0,164.68,99.78,1
26,49,0,178.78,99.78,1
26,49,0,194.89,99.04,1
26,49,0,11.888,99.04,1
26,49,0,17.787,99.78,1
26,49,0,24.844,99.78,1
26,49,0,31.78,99.78,1
26,49,0,38.759,99.48,1
26,49,0,45.765,99.81,1
26,49,0,52.964,99.78,1
26,49,0,59.835,99.78,1
26,49,0,66.851,99.78,1
26,49,0,73.815,99.78,1
26,49,0,80.817,99.78,1
26,49,0,87.904,99.78,1
26,49,0,94.904,99.48,1
26,49,0,108.88,99.78,1
26,49,0,122.8,99.78,1
26,49,0,136.69,99.04,1
26,49,0,144.9,99.78,1
26,49,0,151.93,99.78,1
26,49,0,161.87,99.78,1
26,49,0,164.68,99.78,1
26,49,0,178.78,99.78,1
26,49,0,194.89,98.58,1
26,49,0,11.888,99.64,1
26,49,0,17.787,99.04,1
26,49,0,24.844,99.78,1
26,49,0,31.781,99.81,1
26,49,0,45.766,99.81,1
26,49,0,52.965,99.78,1
26,49,0,59.836,99.78,1
26,49,0,66.851,99.78,1
26,49,0,73.815,99.78,1
26,49,0,80.817,99.78,1
26,49,0,87.904,99.38,1
26,49,0,94.905,99.78,1
26,49,0,108.88,99.78,1
26,49,0,122.8,99.78,1
26,49,0,136.69,99.05,1
26,49,0,144.9,99.78,1
26,49,0,151.93,99.78,1
26,49,0,161.87,99.78,1
26,49,0,164.68,99.78,1
26,49,0,178.78,99.78,1
26,49,0,194.89,95.54,1
26,49,0,11.89,99.04,1
26,49,0,17.789,99.04,1
26,49,0,24.845,72.41,1
26,49,0,31.782,99.78,1
26,49,0,38.76,99.78,1
26,49,0,45.767,99.78,1
26,49,0,52.966,99.64,1
26,49,0,59.838,99.78,1
26,49,0,66.852,99.78,1
26,49,0,73.817,99.78,1
26,49,0,80.819,99.78,1
26,49,0,87.906,99.78,1
26,49,0,94.906,99.25,1
26,49,0,108.88,99.81,1
26,49,0,122.8,99.78,1
26,49,0,136.7,97.5,1
26,49,0,144.9,99.78,1
26,49,0,151.93,99.78,1
26,49,0,161.87,99.64,1
26,49,0,164.68,99.78,1
26,49,0,178.78,99.04,1
26,49,0,194.89,99.78,1
26,49,0,11.89,99.04,1
26,49,0,17.79,99.64,1
26,49,0,24.846,97.5,1
26,49,0,31.782,99.81,1
26,49,0,38.761,99.78,1
26,49,0,45.767,99.78,1
26,49,0,52.966,99.78,1
26,49,0,59.838,99.78,1
26,49,0,66.853,99.04,1
26,49,0,73.817,99.78,1
26,49,0,80.819,99.78,1
26,49,0,87.906,99.61,1
26,49,0,94.906,99.23,1
26,49,0,108.88,99.78,1
26,49,0,122.8,99.45,1
26,49,0,136.7,97.5,1
26,49,0,144.9,99.78,1
26,49,0,151.93,99.78,1
26,49,0,161.87,99.78,1
26,49,0,164.68,99.17,1
26,49,0,178.78,99.04,1
26,49,0,194.89,99.04,1
26,49,0,11.89,99.04,1
26,49,0,17.79,99.04,1
26,49,0,24.847,72.41,1
26,49,0,31.783,99.78,1
26,49,0,38.762,99.78,1
26,49,0,45.768,99.78,1
26,49,0,52.967,99.61,1
26,49,0,59.838,99.78,1
26,49,0,66.853,99.78,1
26,49,0,73.817,99.78,1
26,49,0,80.819,99.61,1
26,49,0,87.906,98.12,1
26,49,0,94.907,99.78,1
26,49,0,108.88,99.61,1
26,49,0,122.8,99.78,1
26,49,0,136.7,99.23,1
26,49,0,144.9,99.04,1
26,49,0,151.93,99.78,1
26,49,0,161.87,99.78,1
26,49,0,164.68,99.7,1
26,49,0,178.78,99.04,1
26,49,0,194.89,99.64,1
27,57,1,7.4507,99.8,1
27,57,1,21.501,99.78,1
27,57,1,28.468,89.05,1
27,57,1,35.672,97.25,1
27,57,1,49.448,99.19,1
27,57,1,56.49,99.81,1
27,57,1,63.504,99.77,1
27,57,1,72.56,99.77,1
27,57,1,78.473,99.58,1
27,57,1,84.492,99.5,1
27,57,1,98.467,98.92,1
27,57,1,105.41,99.77,1
27,57,1,108.6,99.77,1
27,57,1,112.6,99.03,1
27,57,1,121.55,99.48,1
27,57,1,130.54,99.4,1
27,57,1,133.54,97.4,1
27,57,1,140.5,99.61,1
27,57,1,147.43,99.78,1
27,57,1,162.5,99.43,1
27,57,1,168.38,99.38,1
27,57,1,175.46,99.61,1
27,57,1,182.48,99.85,1
27,57,1,7.4507,99.73,1
27,57,1,21.501,98.55,1
27,57,1,28.468,99.73,1
27,57,1,35.672,99.42,1
27,57,1,49.448,99.81,1
27,57,1,56.49,95.19,1
27,57,1,72.561,99.65,1
27,57,1,78.473,99.78,1
27,57,1,84.492,99.1,1
27,57,1,98.467,99.61,1
27,57,1,105.42,87.41,1
27,57,1,108.6,83.65,1
27,57,1,112.6,99.07,1
27,57,1,121.55,99.34,1
27,57,1,130.54,99.78,1
27,57,1,133.54,99.65,1
27,57,1,140.5,47.18,0
27,57,1,147.43,99.73,1
27,57,1,162.5,95.12,1
27,57,1,168.38,99.73,1
27,57,1,175.46,98.43,1
27,57,1,182.48,99.23,1
27,57,1,7.4514,97.86,1
27,57,1,21.501,98.16,1
27,57,1,28.469,97.98,1
27,57,1,35.672,99.69,1
27,57,1,49.448,99.21,1
27,57,1,56.49,92.27,1
27,57,1,63.505,91.18,1
27,57,1,72.561,99.53,1
27,57,1,84.493,98.33,1
27,57,1,98.467,99.34,1
27,57,1,105.42,97.18,1
27,57,1,108.6,98.77,1
27,57,1,112.6,99.29,1
27,57,1,121.55,99.74,1
27,57,1,130.54,93.02,1
27,57,1,133.54,99.73,1
27,57,1,140.5,95.23,1
27,57,1,147.43,99.69,1
27,57,1,162.5,96.89,1
27,57,1,175.46,99.4,1
27,57,1,182.48,99.74,1
27,57,1,7.4528,99.81,1
27,57,1,21.503,99.78,1
27,57,1,28.47,99.61,1
27,57,1,49.45,98.46,1
27,57,1,56.492,96.93,1
27,57,1,63.506,99.61,1
27,57,1,72.563,99.76,1
27,57,1,78.475,99.79,1
27,57,1,84.494,99.73,1
27,57,1,98.469,99.42,1
27,57,1,105.42,96.3,1
27,57,1,108.61,99.77,1
27,57,1,112.61,99.07,1
27,57,1,121.55,97.85,1
27,57,1,130.54,99.02,1
27,57,1,140.5,99.57,1
27,57,1,147.43,99.78,1
27,57,1,162.51,98.01,1
27,57,1,168.38,99.77,1
27,57,1,175.46,99.6,1
27,57,1,7.4528,99.77,1
27,57,1,21.503,99.53,1
27,57,1,28.47,99.53,1
27,57,1,35.674,90.48,1
27,57,1,49.45,98.18,1
27,57,1,56.492,99.77,1
27,57,1,63.507,99.83,1
27,57,1,72.563,98.45,1
27,57,1,78.475,99.75,1
27,57,1,84.495,99.36,1
27,57,1,98.469,99.74,1
27,57,1,105.42,97.66,1
27,57,1,108.61,99.2,1
27,57,1,112.61,99.65,1
27,57,1,121.55,94.38,1
27,57,1,130.54,97.74,1
27,57,1,133.54,99.16,1
27,57,1,140.5,99.37,1
27,57,1,147.43,99.36,1
27,57,1,162.51,98.19,1
27,57,1,168.38,99.77,1
27,57,1,175.46,99.44,1
27,57,1,7.4535,98.14,1
27,57,1,21.503,92.43,1
27,57,1,28.471,98.9,1
27,57,1,35.675,99.37,1
27,57,1,49.451,99.42,1
27,57,1,63.508,99.4,1
27,57,1,72.564,99.37,1
27,57,1,78.476,99.57,1
27,57,1,84.495,98.59,1
27,57,1,98.469,99.59,1
27,57,1,105.42,99.77,1
27,57,1,108.61,97.98,1
27,57,1,112.61,99.53,1
27,57,1,121.55,97.16,1
27,57,1,130.54,28.97,0
27,57,1,133.54,97.86,1
27,57,1,140.5,99.75,1
27,57,1,147.43,98.77,1
27,57,1,162.51,98.0,1
27,57,1,168.38,99.78,1
27,57,1,182.48,99.77,1
28,74,1,6.366,99.78,1
28,74,1,13.365,99.78,1
28,74,1,20.361,99.78,1
28,74,1,27.361,99.78,1
28,74,1,34.356,99.78,1
28,74,1,41.358,99.78,1
28,74,1,48.325,99.55,1
28,74,1,55.36,99.78,1
28,74,1,62.319,99.81,1
28,74,1,69.319,99.78,1
28,74,1,76.328,99.81,1
28,74,1,83.324,99.61,1
28,74,1,97.324,99.65,1
28,74,1,104.31,99.74,1
28,74,1,111.33,99.34,1
28,74,1,118.3,99.78,1
28,74,1,125.31,99.81,1
28,74,1,132.3,99.78,1
28,74,1,146.33,99.61,1
28,74,1,153.32,99.61,1
28,74,1,160.32,99.81,1
28,74,1,167.4,99.02,1
28,74,1,174.32,99.78,1
28,74,1,6.366,99.74,1
28,74,1,13.365,99.19,1
28,74,1,20.361,99.38,1
28,74,1,27.361,99.78,1
28,74,1,34.356,99.61,1
28,74,1,41.358,99.65,1
28,74,1,48.325,99.61,1
28,74,1,55.36,99.61,1
28,74,1,62.319,99.66,1
28,74,1,69.319,99.66,1
28,74,1,76.328,99.81,1
28,74,1,83.324,99.78,1
28,74,1,97.324,99.78,1
28,74,1,104.31,99.25,1
28,74,1,111.33,98.19,1
28,74,1,118.3,99.25,1
28,74,1,125.31,99.81,1
28,74,1,132.3,99.78,1
28,74,1,146.33,99.78,1
28,74,1,153.32,99.74,1
28,74,1,160.32,99.65,1
28,74,1,167.4,99.55,1
28,74,1,174.32,99.65,1
28,74,1,6.366,99.61,1
28,74,1,13.365,99.74,1
28,74,1,20.361,98.53,1
28,74,1,27.362,99.74,1
28,74,1,34.357,99.66,1
28,74,1,41.358,99.78,1
28,74,1,48.326,96.52,1
28,74,1,55.36,99.61,1
28,74,1,62.319,98.19,1
28,74,1,69.319,98.26,1
28,74,1,76.328,99.78,1
28,74,1,83.324,99.61,1
28,74,1,97.324,99.13,1
28,74,1,104.31,99.69,1
28,74,1,111.33,98.85,1
28,74,1,118.3,99.55,1
28,74,1,125.31,99.66,1
28,74,1,132.3,99.77,1
28,74,1,146.33,99.74,1
28,74,1,153.32,99.78,1
28,74,1,160.32,98.3,1
28,74,1,167.4,99.78,1
28,74,1,174.32,99.61,1
28,74,1,6.3674,99.78,1
28,74,1,20.363,99.77,1
28,74,1,27.363,99.78,1
28,74,1,34.358,99.78,1
28,74,1,41.36,99.55,1
28,74,1,48.327,99.61,1
28,74,1,55.361,99.78,1
28,74,1,62.32,99.25,1
28,74,1,69.321,99.25,1
28,74,1,83.325,99.78,1
28,74,1,97.326,98.19,1
28,74,1,104.32,98.19,1
28,74,1,111.34,99.61,1
28,74,1,118.3,99.78,1
28,74,1,125.31,99.73,1
28,74,1,132.3,99.77,1
28,74,1,146.33,99.73,1
28,74,1,153.32,99.5,1
28,74,1,160.33,98.19,1
28,74,1,167.4,99.37,1
28,74,1,174.33,98.02,1
28,74,1,13.366,99.74,1
28,74,1,20.363,99.77,1
28,74,1,27.363,99.78,1
28,74,1,34.358,99.78,1
28,74,1,41.36,98.92,1
28,74,1,48.327,99.78,1
28,74,1,55.362,99.07,1
28,74,1,62.32,99.47,1
28,74,1,69.321,99.37,1
28,74,1,76.331,99.73,1
28,74,1,83.325,99.78,1
28,74,1,97.326,98.48,1
28,74,1,104.32,99.34,1
28,74,1,111.34,99.78,1
28,74,1,118.3,99.77,1
28,74,1,125.31,99.74,1
28,74,1,132.3,99.13,1
28,74,1,146.33,99.74,1
28,74,1,153.32,99.55,1
28,74,1,160.33,99.61,1
28,74,1,167.4,99.78,1
28,74,1,174.33,99.34,1
28,74,1,6.3681,99.78,1
28,74,1,13.367,99.78,1
28,74,1,20.363,99.78,1
28,74,1,27.363,99.78,1
28,74,1,34.358,99.14,1
28,74,1,41.36,98.82,1
28,74,1,48.327,99.73,1
28,74,1,55.362,99.61,1
28,74,1,62.321,99.69,1
28,74,1,69.322,99.13,1
28,74,1,76.331,99.78,1
28,74,1,83.326,99.73,1
28,74,1,97.326,99.65,1
28,74,1,104.32,99.78,1
28,74,1,111.34,98.94,1
28,74,1,118.3,99.25,1
28,74,1,132.3,99.78,1
28,74,1,146.33,99.77,1
28,74,1,153.32,99.5,1
28,74,1,160.33,99.78,1
28,74,1,167.4,97.67,1
28,74,1,174.33,99.78,1
29,78,0,8.3951,99.28,1
29,78,0,15.39,98.28,1
29,78,0,22.383,99.28,1
29,78,0,29.381,98.01,1
29,78,0,36.387,95.18,1
29,78,0,43.386,98.01,1
29,78,0,50.347,98.52,1
29,78,0,58.348,98.52,1
29,78,0,65.34,91.35,1
29,78,0,72.348,96.07,1
29,78,0,80.349,96.72,1
29,78,0,87.349,40.53,0
29,78,0,93.402,95.18,1
29,78,0,93.579,99.64,1
29,78,0,121.38,95.33,1
29,78,0,127.36,97.5,1
29,78,0,135.36,95.33,1
29,78,0,142.4,91.79,1
29,78,0,149.37,99.04,1
29,78,0,156.39,44.87,0
29,78,0,163.4,96.67,1
29,78,0,170.43,96.34,1
29,78,0,178.39,96.9,1
29,78,0,184.39,95.68,1
29,78,0,191.39,99.04,1
29,78,0,198.36,82.35,1
29,78,0,204.4,97.63,1
29,78,0,212.39,99.04,1
29,78,0,8.3958,99.04,1
29,78,0,15.391,77.78,1
29,78,0,22.383,95.18,1
29,78,0,29.381,91.79,1
29,78,0,36.387,95.68,1
29,78,0,43.387,42.06,0
29,78,0,50.348,37.14,0
29,78,0,58.349,98.45,1
29,78,0,65.341,91.53,1
29,78,0,72.348,93.45,1
29,78,0,80.349,97.5,1
29,78,0,87.349,98.89,1
29,78,0,93.402,98.01,1
29,78,0,93.579,99.63,1
29,78,0,121.38,95.2,1
29,78,0,127.36,93.48,1
29,78,0,135.36,97.19,1
29,78,0,142.4,98.22,1
29,78,0,149.37,42.65,0
29,78,0,156.39,90.89,1
29,78,0,163.4,53.23,1
29,78,0,170.43,87.46,1
29,78,0,178.39,97.09,1
29,78,0,184.39,95.33,1
29,78,0,191.39,98.3,1
29,78,0,198.36,97.9,1
29,78,0,204.4,97.32,1
29,78,0,212.39,39.41,0
29,78,0,8.3965,94.17,1
29,78,0,15.391,81.0,1
29,78,0,22.384,99.04,1
29,78,0,29.382,95.18,1
29,78,0,36.388,99.04,1
29,78,0,43.387,94.38,1
29,78,0,50.348,97.5,1
29,78,0,58.349,99.65,1
29,78,0,65.342,96.24,1
29,78,0,72.349,98.52,1
29,78,0,80.349,98.02,1
29,78,0,87.35,96.42,1
29,78,0,93.403,98.01,1
29,78,0,93.58,99.85,1
29,78,0,121.38,89.62,1
29,78,0,127.36,42.06,0
29,78,0,135.36,95.2,1
29,78,0,142.4,99.28,1
29,78,0,149.37,88.61,1
29,78,0,156.39,95.18,1
29,78,0,163.4,96.55,1
29,78,0,170.43,53.23,1
29,78,0,178.39,98.48,1
29,78,0,184.39,98.52,1
29,78,0,191.39,95.68,1
29,78,0,198.36,99.12,1
29,78,0,204.4,99.15,1
29,78,0,212.39,97.18,1
29,78,0,8.3979,96.23,1
29,78,0,15.393,97.02,1
29,78,0,22.385,90.89,1
29,78,0,29.383,99.04,1
29,78,0,36.39,89.36,1
29,78,0,43.389,96.24,1
29,78,0,50.35,99.37,1
29,78,0,58.35,95.49,1
29,78,0,65.343,99.04,1
29,78,0,72.351,98.52,1
29,78,0,80.351,99.04,1
29,78,0,87.351,97.02,1
29,78,0,93.404,98.64,1
29,78,0,93.581,99.36,1
29,78,0,121.39,97.09,1
29,78,0,127.36,91.47,1
29,78,0,135.36,99.04,1
29,78,0,142.4,98.06,1
29,78,0,149.37,97.02,1
29,78,0,156.39,95.18,1
29,78,0,163.4,90.82,1
29,78,0,170.43,89.57,1
29,78,0,178.4,99.61,1
29,78,0,184.4,93.95,1
29,78,0,191.4,98.52,1
29,78,0,198.36,96.47,1
29,78,0,204.4,98.5,1
29,78,0,212.39,97.98,1
29,78,0,8.3986,96.72,1
29,78,0,15.394,97.66,1
29,78,0,22.386,98.86,1
29,78,0,29.384,99.37,1
29,78,0,36.39,23.77,0
29,78,0,43.39,94.57,1
29,78,0,50.351,99.28,1
29,78,0,58.351,99.23,1
29,78,0,65.344,99.04,1
29,78,0,72.351,97.09,1
29,78,0,80.351,93.24,1
29,78,0,87.352,98.01,1
29,78,0,93.405,94.32,1
29,78,0,93.582,97.5,1
29,78,0,121.39,97.34,1
29,78,0,127.36,99.28,1
29,78,0,135.36,97.5,1
29,78,0,142.4,90.4,1
29,78,0,149.37,31.75,0
29,78,0,156.39,8.79,0
29,78,0,163.4,89.62,1
29,78,0,170.43,11.72,0
29,78,0,178.4,98.01,1
29,78,0,184.4,95.68,1
29,78,0,191.4,95.18,1
29,78,0,198.36,99.04,1
29,78,0,204.4,98.22,1
29,78,0,212.39,98.22,1
29,78,0,8.3986,88.64,1
29,78,0,15.394,14.48,0
29,78,0,22.387,98.01,1
29,78,0,29.385,95.24,1
29,78,0,36.39,97.5,1
29,78,0,43.39,74.08,1
29,78,0,50.351,95.18,1
29,78,0,58.351,98.73,1
29,78,0,65.344,90.78,1
29,78,0,72.351,97.02,1
29,78,0,80.352,99.28,1
29,78,0,87.353,92.52,1
29,78,0,93.406,91.68,1
29,78,0,93.583,97.09,1
29,78,0,121.39,72.77,1
29,78,0,127.36,75.27,1
29,78,0,135.36,98.68,1
29,78,0,142.4,87.38,1
29,78,0,149.37,91.79,1
29,78,0,156.39,89.62,1
29,78,0,163.4,99.04,1
29,78,0,170.43,95.68,1
29,78,0,178.4,99.04,1
29,78,0,184.4,97.2,1
29,78,0,191.4,99.37,1
29,78,0,198.36,96.34,1
29,78,0,204.4,98.01,1
29,78,0,212.39,99.18,1
30,49,0,5.709,99.49,1
30,49,0,11.394,94.93,1
30,49,0,18.303,97.27,1
30,49,0,25.89,99.0,1
30,49,0,33.373,99.81,1
30,49,0,47.372,99.67,1
30,49,0,53.388,89.61,1
30,49,0,61.36,99.62,1
30,49,0,67.397,97.83,1
30,49,0,75.351,99.32,1
30,49,0,81.306,99.78,1
30,49,0,95.306,99.78,1
30,49,0,103.36,95.23,1
30,49,0,109.58,99.81,1
30,49,0,117.37,95.7,1
30,49,0,123.37,99.38,1
30,49,0,131.36,99.78,1
30,49,0,144.87,99.6,1
30,49,0,151.34,99.54,1
30,49,0,158.87,99.78,1
30,49,0,5.709,98.17,1
30,49,0,11.394,90.21,1
30,49,0,18.304,90.92,1
30,49,0,25.89,87.28,1
30,49,0,33.373,99.81,1
30,49,0,47.372,96.04,1
30,49,0,53.388,92.1,1
30,49,0,61.36,91.68,1
30,49,0,67.397,98.99,1
30,49,0,75.352,94.93,1
30,49,0,81.306,90.92,1
30,49,0,95.306,57.24,1
30,49,0,103.36,42.72,0
30,49,0,109.58,99.75,1
30,49,0,117.37,97.95,1
30,49,0,123.37,60.36,1
30,49,0,131.36,96.84,1
30,49,0,137.36,70.07,1
30,49,0,144.87,65.52,1
30,49,0,151.34,99.78,1
30,49,0,158.87,99.65,1
30,49,0,166.88,50.69,1
30,49,0,5.7097,79.84,1
30,49,0,11.394,96.0,1
30,49,0,18.304,30.69,0
30,49,0,25.89,87.28,1
30,49,0,47.372,98.51,1
30,49,0,53.389,99.28,1
30,49,0,61.36,48.83,0
30,49,0,67.397,97.26,1
30,49,0,75.352,76.92,1
30,49,0,81.306,83.97,1
30,49,0,95.306,76.61,1
30,49,0,103.36,54.15,1
30,49,0,109.58,93.58,1
30,49,0,117.37,93.93,1
30,49,0,123.37,93.93,1
30,49,0,131.36,99.8,1
30,49,0,137.36,94.69,1
30,49,0,144.87,99.69,1
30,49,0,151.34,30.69,0
30,49,0,158.87,99.6,1
30,49,0,166.88,99.33,1
30,49,0,5.7111,68.03,1
30,49,0,11.396,98.69,1
30,49,0,18.306,90.44,1
30,49,0,25.892,98.53,1
30,49,0,33.374,99.81,1
30,49,0,47.374,99.54,1
30,49,0,53.39,99.61,1
30,49,0,61.361,96.48,1
30,49,0,67.399,96.84,1
30,49,0,75.353,97.69,1
30,49,0,81.307,91.15,1
30,49,0,95.308,48.34,0
30,49,0,103.36,96.53,1
30,49,0,109.58,99.78,1
30,49,0,117.37,95.06,1
30,49,0,123.38,98.83,1
30,49,0,131.36,96.84,1
30,49,0,137.36,97.89,1
30,49,0,144.87,99.71,1
30,49,0,151.34,98.39,1
30,49,0,158.87,99.5,1
30,49,0,166.88,99.48,1
30,49,0,5.7111,98.77,1
30,49,0,11.397,37.62,0
30,49,0,18.306,38.57,0
30,49,0,25.892,66.66,1
30,49,0,47.374,96.84,1
30,49,0,53.39,93.69,1
30,49,0,61.362,10.45,0
30,49,0,67.399,45.04,0
30,49,0,75.353,98.3,1
30,49,0,81.308,92.12,1
30,49,0,95.308,91.97,1
30,49,0,103.36,96.42,1
30,49,0,109.58,99.66,1
30,49,0,117.37,85.27,1
30,49,0,123.38,94.98,1
30,49,0,131.36,93.93,1
30,49,0,137.36,20.25,0
30,49,0,144.88,98.87,1
30,49,0,158.87,97.35,1
30,49,0,166.88,99.75,1
30,49,0,5.7118,93.36,1
30,49,0,11.397,49.71,0
30,49,0,18.306,11.57,0
30,49,0,25.892,66.96,1
30,49,0,47.374,60.36,1
30,49,0,53.391,28.51,0
30,49,0,61.362,17.82,0
30,49,0,67.399,93.93,1
30,49,0,75.354,42.79,0
30,49,0,81.308,99.85,1
30,49,0,95.308,36.09,0
30,49,0,103.36,21.6,0
30,49,0,109.58,99.21,1
30,49,0,117.37,10.45,0
30,49,0,123.38,99.07,1
30,49,0,131.36,70.13,1
30,49,0,137.36,74.91,1
30,49,0,144.88,30.68,0
30,49,0,151.34,22.9,0
30,49,0,158.87,85.27,1
30,49,0,166.88,99.3,1
31,75,0,13.356,99.81,1
31,75,0,20.362,99.81,1
31,75,0,27.376,99.81,1
31,75,0,34.356,99.81,1
31,75,0,41.356,99.81,1
31,75,0,48.392,99.81,1
31,75,0,55.344,99.81,1
31,75,0,76.347,99.81,1
31,75,0,88.412,99.81,1
31,75,0,97.356,99.81,1
31,75,0,118.34,99.81,1
31,75,0,125.34,99.81,1
31,75,0,132.35,99.81,1
31,75,0,139.35,99.81,1
31,75,0,146.35,99.81,1
31,75,0,167.34,99.81,1
31,75,0,174.36,99.81,1
31,75,0,181.34,99.81,1
31,75,0,188.3,99.81,1
31,75,0,195.31,99.81,1
31,75,0,202.3,99.81,1
31,75,0,13.356,99.81,1
31,75,0,20.363,99.81,1
31,75,0,27.377,99.81,1
31,75,0,34.356,99.81,1
31,75,0,41.356,99.81,1
31,75,0,48.393,99.81,1
31,75,0,55.344,99.81,1
31,75,0,76.348,99.81,1
31,75,0,88.413,99.81,1
31,75,0,97.356,99.81,1
31,75,0,118.34,99.81,1
31,75,0,125.34,99.81,1
31,75,0,132.35,99.81,1
31,75,0,139.35,99.81,1
31,75,0,146.35,99.81,1
31,75,0,153.37,99.81,1
31,75,0,167.34,99.81,1
31,75,0,174.36,99.81,1
31,75,0,181.34,99.81,1
31,75,0,188.3,99.81,1
31,75,0,195.31,99.78,1
31,75,0,202.3,99.81,1
31,75,0,13.356,99.81,1
31,75,0,20.363,99.81,1
31,75,0,27.377,99.81,1
31,75,0,34.356,99.81,1
31,75,0,41.356,99.81,1
31,75,0,48.393,99.81,1
31,75,0,55.344,99.81,1
31,75,0,76.348,99.81,1
31,75,0,88.413,99.81,1
31,75,0,97.356,99.78,1
31,75,0,118.34,99.81,1
31,75,0,125.34,99.81,1
31,75,0,132.35,99.81,1
31,75,0,139.35,99.78,1
31,75,0,146.35,99.81,1
31,75,0,153.37,99.81,1
31,75,0,167.34,99.81,1
31,75,0,174.36,99.81,1
31,75,0,181.34,99.81,1
31,75,0,188.3,99.81,1
31,75,0,195.31,99.78,1
31,75,0,202.3,99.81,1
31,75,0,13.358,99.81,1
31,75,0,20.364,99.81,1
31,75,0,27.378,99.81,1
31,75,0,41.357,99.81,1
31,75,0,48.394,99.81,1
31,75,0,55.345,99.81,1
31,75,0,76.349,99.81,1
31,75,0,88.415,99.81,1
31,75,0,97.358,99.81,1
31,75,0,118.35,99.81,1
31,75,0,125.34,99.81,1
31,75,0,132.35,99.81,1
31,75,0,139.35,99.81,1
31,75,0,146.35,99.81,1
31,75,0,153.37,99.81,1
31,75,0,167.34,99.81,1
31,75,0,174.36,99.81,1
31,75,0,181.35,99.74,1
31,75,0,188.31,99.81,1
31,75,0,195.31,99.78,1
31,75,0,202.3,99.81,1
31,75,0,13.358,99.81,1
31,75,0,20.364,99.78,1
31,75,0,27.378,99.81,1
31,75,0,34.358,99.81,1
31,75,0,41.358,99.81,1
31,75,0,48.394,99.81,1
31,75,0,55.346,99.81,1
31,75,0,76.349,99.81,1
31,75,0,88.415,99.81,1
31,75,0,97.358,99.78,1
31,75,0,118.35,99.81,1
31,75,0,125.34,99.81,1
31,75,0,132.35,99.81,1
31,75,0,139.35,99.81,1
31,75,0,146.35,99.81,1
31,75,0,153.37,99.81,1
31,75,0,167.34,99.81,1
31,75,0,174.36,99.77,1
31,75,0,181.35,99.81,1
31,75,0,188.31,99.81,1
31,75,0,195.31,99.78,1
31,75,0,202.3,99.81,1
31,75,0,13.358,99.81,1
31,75,0,20.365,99.78,1
31,75,0,27.379,99.81,1
31,75,0,34.358,99.81,1
31,75,0,41.358,99.77,1
31,75,0,48.395,99.78,1
31,75,0,55.346,99.81,1
31,75,0,76.35,99.81,1
31,75,0,88.415,99.74,1
31,75,0,97.358,99.78,1
31,75,0,118.35,99.81,1
31,75,0,125.34,99.81,1
31,75,0,132.35,99.78,1
31,75,0,139.35,99.81,1
31,75,0,146.35,99.81,1
31,75,0,153.37,99.81,1
31,75,0,167.34,99.78,1
31,75,0,174.36,99.81,1
31,75,0,181.35,99.81,1
31,75,0,188.31,99.77,1
31,75,0,195.31,99.78,1
31,75,0,202.31,99.77,1
32,36,1,11.477,90.16,1
32,36,1,17.447,77.11,1
32,36,1,24.419,13.89,0
32,36,1,31.404,97.19,1
32,36,1,38.402,97.02,1
32,36,1,45.412,91.53,1
32,36,1,52.419,79.36,1
32,36,1,59.388,93.75,1
32,36,1,91.463,99.77,1
32,36,1,101.68,91.81,1
32,36,1,108.5,99.37,1
32,36,1,115.61,24.85,0
32,36,1,122.5,94.58,1
32,36,1,136.44,44.87,0
32,36,1,143.78,21.76,0
32,36,1,164.55,44.87,0
32,36,1,178.54,94.69,1
32,36,1,11.477,81.69,1
32,36,1,17.448,98.53,1
32,36,1,24.419,96.67,1
32,36,1,31.405,97.0,1
32,36,1,38.403,79.36,1
32,36,1,45.413,99.04,1
32,36,1,52.419,55.51,1
32,36,1,59.388,95.02,1
32,36,1,91.463,96.52,1
32,36,1,101.68,99.48,1
32,36,1,108.5,96.77,1
32,36,1,115.61,97.55,1
32,36,1,122.5,29.33,0
32,36,1,136.44,60.48,1
32,36,1,143.78,98.86,1
32,36,1,164.55,10.59,0
32,36,1,178.54,92.24,1
32,36,1,11.478,86.41,1
32,36,1,17.448,96.37,1
32,36,1,24.419,89.96,1
32,36,1,31.405,87.16,1
32,36,1,38.403,98.24,1
32,36,1,45.414,98.01,1
32,36,1,52.419,96.8,1
32,36,1,59.389,99.64,1
32,36,1,91.464,99.85,1
32,36,1,101.68,99.29,1
32,36,1,108.5,90.82,1
32,36,1,115.61,96.0,1
32,36,1,122.5,90.16,1
32,36,1,136.44,98.26,1
32,36,1,143.78,82.08,1
32,36,1,164.55,99.13,1
32,36,1,178.54,89.78,1
32,36,1,11.479,91.3,1
32,36,1,17.45,80.99,1
32,36,1,24.422,96.42,1
32,36,1,31.407,96.9,1
32,36,1,38.404,96.42,1
32,36,1,45.415,99.04,1
32,36,1,52.421,89.29,1
32,36,1,59.39,97.98,1
32,36,1,91.465,90.89,1
32,36,1,101.68,97.74,1
32,36,1,108.5,99.04,1
32,36,1,115.61,77.43,1
32,36,1,122.5,98.17,1
32,36,1,136.44,94.22,1
32,36,1,143.78,28.97,0
32,36,1,164.55,96.9,1
32,36,1,178.54,95.14,1
32,36,1,11.48,83.39,1
32,36,1,17.45,46.06,0
32,36,1,24.422,62.81,1
32,36,1,31.407,66.96,1
32,36,1,38.405,60.21,1
32,36,1,45.416,12.11,0
32,36,1,52.422,17.77,0
32,36,1,59.391,95.31,1
32,36,1,91.466,13.89,0
32,36,1,101.68,21.6,0
32,36,1,108.5,91.93,1
32,36,1,115.61,95.01,1
32,36,1,122.5,56.97,1
32,36,1,136.44,49.71,0
32,36,1,143.78,56.97,1
32,36,1,164.55,53.09,1
32,36,1,178.54,7.86,0
32,36,1,11.48,66.96,1
32,36,1,17.451,26.16,0
32,36,1,24.422,37.62,0
32,36,1,31.408,98.8,1
32,36,1,38.406,90.27,1
32,36,1,45.416,48.74,0
32,36,1,52.422,63.39,1
32,36,1,59.391,99.37,1
32,36,1,91.466,7.07,0
32,36,1,101.68,49.71,0
32,36,1,108.5,95.64,1
32,36,1,115.61,56.97,1
32,36,1,122.51,56.97,1
32,36,1,136.44,93.69,1
32,36,1,164.55,90.91,1
32,36,1,178.54,60.21,1
33,66,1,9.3806,99.04,1
33,66,1,16.439,99.04,1
33,66,1,23.376,99.37,1
33,66,1,30.398,99.37,1
33,66,1,37.41,98.01,1
33,66,1,44.372,99.37,1
33,66,1,51.408,99.37,1
33,66,1,58.415,99.04,1
33,66,1,65.397,99.28,1
33,66,1,72.412,99.04,1
33,66,1,79.442,99.37,1
33,66,1,100.37,99.04,1
33,66,1,107.4,99.37,1
33,66,1,114.41,99.04,1
33,66,1,121.35,99.37,1
33,66,1,128.36,99.04,1
33,66,1,135.41,99.37,1
33,66,1,142.39,99.25,1
33,66,1,149.4,97.09,1
33,66,1,156.45,99.04,1
33,66,1,163.35,99.37,1
33,66,1,170.42,99.04,1
33,66,1,177.46,99.28,1
33,66,1,9.3812,99.04,1
33,66,1,16.44,99.04,1
33,66,1,23.376,98.28,1
33,66,1,30.399,99.37,1
33,66,1,37.41,31.66,0
33,66,1,44.372,99.37,1
33,66,1,51.408,97.9,1
33,66,1,58.415,99.04,1
33,66,1,65.398,98.91,1
33,66,1,72.412,99.37,1
33,66,1,79.442,96.34,1
33,66,1,107.4,99.25,1
33,66,1,114.41,99.37,1
33,66,1,121.35,98.52,1
33,66,1,128.36,99.04,1
33,66,1,135.41,99.37,1
33,66,1,142.39,99.37,1
33,66,1,149.4,99.37,1
33,66,1,156.45,99.04,1
33,66,1,163.35,99.37,1
33,66,1,170.42,99.37,1
33,66,1,177.46,99.37,1
33,66,1,9.3812,99.04,1
33,66,1,16.44,99.28,1
33,66,1,23.377,95.66,1
33,66,1,30.399,99.14,1
33,66,1,37.411,96.37,1
33,66,1,44.372,99.37,1
33,66,1,51.409,99.37,1
33,66,1,58.415,99.28,1
33,66,1,65.398,98.03,1
33,66,1,72.412,99.37,1
33,66,1,79.443,98.84,1
33,66,1,100.37,99.37,1
33,66,1,107.4,99.37,1
33,66,1,114.41,99.37,1
33,66,1,121.35,99.37,1
33,66,1,128.36,99.04,1
33,66,1,135.41,98.52,1
33,66,1,142.39,99.37,1
33,66,1,149.4,99.37,1
33,66,1,156.45,98.52,1
33,66,1,163.35,99.37,1
33,66,1,170.42,99.37,1
33,66,1,177.46,99.37,1
33,66,1,9.3833,99.37,1
33,66,1,16.441,99.28,1
33,66,1,23.378,99.37,1
33,66,1,30.4,99.28,1
33,66,1,37.412,99.37,1
33,66,1,44.374,99.37,1
33,66,1,51.41,99.37,1
33,66,1,58.417,99.37,1
33,66,1,65.4,99.37,1
33,66,1,72.414,99.04,1
33,66,1,79.444,99.37,1
33,66,1,100.37,99.37,1
33,66,1,107.4,99.37,1
33,66,1,114.41,99.37,1
33,66,1,121.36,99.37,1
33,66,1,128.36,99.04,1
33,66,1,142.39,99.28,1
33,66,1,149.4,99.37,1
33,66,1,156.45,99.37,1
33,66,1,163.35,99.37,1
33,66,1,170.42,99.04,1
33,66,1,177.46,99.14,1
33,66,1,9.3833,97.27,1
33,66,1,16.442,99.37,1
33,66,1,23.378,96.34,1
33,66,1,30.401,99.37,1
33,66,1,37.413,98.84,1
33,66,1,44.374,99.37,1
33,66,1,51.411,98.84,1
33,66,1,58.417,99.04,1
33,66,1,65.4,92.48,1
33,66,1,72.414,99.04,1
33,66,1,79.445,99.37,1
33,66,1,100.37,99.37,1
33,66,1,107.4,98.22,1
33,66,1,114.41,99.37,1
33,66,1,121.36,99.37,1
33,66,1,128.36,99.04,1
33,66,1,135.41,99.28,1
33,66,1,149.4,98.01,1
33,66,1,156.45,99.37,1
33,66,1,163.35,99.25,1
33,66,1,170.42,99.37,1
33,66,1,177.46,99.37,1
33,66,1,9.384,99.37,1
33,66,1,16.442,97.76,1
33,66,1,23.379,97.76,1
33,66,1,30.401,99.01,1
33,66,1,37.413,99.28,1
33,66,1,44.374,98.01,1
33,66,1,51.411,99.04,1
33,66,1,58.418,98.67,1
33,66,1,65.401,99.03,1
33,66,1,72.415,99.04,1
33,66,1,79.445,99.11,1
33,66,1,100.37,99.37,1
33,66,1,107.4,99.37,1
33,66,1,114.41,99.37,1
33,66,1,121.36,98.01,1
33,66,1,128.36,99.04,1
33,66,1,135.41,99.37,1
33,66,1,142.39,99.37,1
33,66,1,149.4,99.37,1
33,66,1,156.45,98.52,1
33,66,1,163.35,91.72,1
33,66,1,170.42,99.37,1
33,66,1,177.46,98.67,1
34,59,0,-3.3125,84.15,1
34,59,0,3.275,99.54,1
34,59,0,10.581,96.53,1
34,59,0,17.577,99.56,1
34,59,0,24.54,99.78,1
34,59,0,31.644,99.78,1
34,59,0,38.625,99.78,1
34,59,0,45.662,99.78,1
34,59,0,52.665,99.78,1
34,59,0,57.821,99.32,1
34,59,0,66.658,99.78,1
34,59,0,73.651,99.78,1
34,59,0,80.599,99.53,1
34,59,0,87.583,99.19,1
34,59,0,94.525,99.78,1
34,59,0,101.59,99.38,1
34,59,0,108.54,99.38,1
34,59,0,115.67,99.53,1
34,59,0,122.55,99.78,1
34,59,0,129.53,99.78,1
34,59,0,136.68,99.81,1
34,59,0,143.61,99.58,1
34,59,0,157.65,88.43,1
34,59,0,164.59,99.46,1
34,59,0,171.52,99.78,1
34,59,0,178.67,96.92,1
34,59,0,-3.3118,43.56,0
34,59,0,3.275,96.58,1
34,59,0,10.582,63.2,1
34,59,0,17.577,99.61,1
34,59,0,24.541,99.67,1
34,59,0,31.644,99.77,1
34,59,0,38.626,97.62,1
34,59,0,45.662,99.71,1
34,59,0,52.665,89.61,1
34,59,0,57.822,99.09,1
34,59,0,66.658,97.62,1
34,59,0,73.651,99.74,1
34,59,0,80.6,96.38,1
34,59,0,87.584,97.83,1
34,59,0,94.526,99.7,1
34,59,0,101.59,99.75,1
34,59,0,108.54,99.48,1
34,59,0,115.67,99.75,1
34,59,0,122.55,99.81,1
34,59,0,129.53,96.0,1
34,59,0,136.68,99.75,1
34,59,0,143.61,97.54,1
34,59,0,150.57,99.81,1
34,59,0,157.65,98.4,1
34,59,0,164.59,95.62,1
34,59,0,171.52,97.83,1
34,59,0,178.67,99.75,1
34,59,0,-3.3118,83.65,1
34,59,0,3.2757,98.83,1
34,59,0,10.582,98.72,1
34,59,0,17.578,90.68,1
34,59,0,24.541,95.23,1
34,59,0,31.645,96.14,1
34,59,0,38.626,99.43,1
34,59,0,45.663,97.89,1
34,59,0,52.666,99.75,1
34,59,0,57.822,99.67,1
34,59,0,66.659,99.75,1
34,59,0,73.651,99.75,1
34,59,0,80.6,99.5,1
34,59,0,87.584,92.3,1
34,59,0,94.526,90.53,1
34,59,0,101.59,96.04,1
34,59,0,108.54,99.75,1
34,59,0,115.67,99.62,1
34,59,0,122.55,99.74,1
34,59,0,129.53,99.25,1
34,59,0,136.68,99.27,1
34,59,0,143.61,94.33,1
34,59,0,150.57,99.48,1
34,59,0,157.65,99.32,1
34,59,0,164.59,97.85,1
34,59,0,171.52,99.75,1
34,59,0,178.68,96.47,1
34,59,0,-3.3104,99.64,1
34,59,0,3.2771,99.2,1
34,59,0,10.583,97.62,1
34,59,0,17.579,97.69,1
34,59,0,24.542,99.71,1
34,59,0,31.647,99.65,1
34,59,0,38.627,99.75,1
34,59,0,45.665,99.74,1
34,59,0,52.667,98.83,1
34,59,0,57.823,99.34,1
34,59,0,66.66,99.62,1
34,59,0,73.653,99.75,1
34,59,0,80.602,99.71,1
34,59,0,87.586,99.6,1
34,59,0,94.527,97.62,1
34,59,0,101.59,99.32,1
34,59,0,108.55,99.74,1
34,59,0,115.67,99.78,1
34,59,0,122.55,99.78,1
34,59,0,129.53,99.78,1
34,59,0,136.68,99.48,1
34,59,0,143.61,99.78,1
34,59,0,150.58,99.6,1
34,59,0,157.65,99.76,1
34,59,0,164.6,99.65,1
34,59,0,171.52,99.75,1
34,59,0,178.68,97.62,1
34,59,0,-3.3097,90.89,1
34,59,0,3.2778,89.93,1
34,59,0,10.584,77.38,1
34,59,0,17.579,91.05,1
34,59,0,24.542,99.25,1
34,59,0,31.647,98.23,1
34,59,0,38.628,99.74,1
34,59,0,45.665,99.7,1
34,59,0,52.667,99.53,1
34,59,0,57.824,99.81,1
34,59,0,66.661,98.53,1
34,59,0,73.653,99.54,1
34,59,0,80.602,99.66,1
34,59,0,87.586,96.53,1
34,59,0,94.528,91.67,1
34,59,0,101.59,99.32,1
34,59,0,108.55,99.74,1
34,59,0,115.67,99.81,1
34,59,0,122.55,99.27,1
34,59,0,129.53,99.48,1
34,59,0,136.68,99.32,1
34,59,0,143.61,99.4,1
34,59,0,150.58,99.59,1
34,59,0,157.65,99.61,1
34,59,0,164.6,99.46,1
34,59,0,171.52,99.62,1
34,59,0,178.68,99.21,1
34,59,0,-3.3097,91.79,1
34,59,0,3.2778,31.17,0
34,59,0,10.585,87.13,1
34,59,0,17.58,84.95,1
34,59,0,24.543,95.93,1
34,59,0,31.648,91.79,1
34,59,0,38.628,89.22,1
34,59,0,45.666,99.78,1
34,59,0,52.668,99.54,1
34,59,0,57.824,98.86,1
34,59,0,66.661,96.8,1
34,59,0,73.654,99.75,1
34,59,0,80.603,96.48,1
34,59,0,87.587,99.62,1
34,59,0,94.528,94.57,1
34,59,0,101.59,99.46,1
34,59,0,108.55,99.38,1
34,59,0,115.67,99.32,1
34,59,0,122.55,99.64,1
34,59,0,129.53,98.77,1
34,59,0,136.68,99.18,1
34,59,0,143.62,98.98,1
34,59,0,150.58,99.43,1
34,59,0,157.65,99.81,1
34,59,0,164.6,99.48,1
34,59,0,171.52,99.78,1
34,59,0,178.68,97.3,1
35,71,0,6.4403,98.96,1
35,71,0,13.419,99.85,1
35,71,0,20.426,99.78,1
35,71,0,27.442,99.81,1
35,71,0,34.42,99.78,1
35,71,0,41.46,99.81,1
35,71,0,48.422,99.78,1
35,71,0,48.886,99.78,1
35,71,0,55.427,99.81,1
35,71,0,62.407,99.78,1
35,71,0,69.412,99.78,1
35,71,0,76.392,99.78,1
35,71,0,83.455,99.78,1
35,71,0,88.473,99.64,1
35,71,0,104.5,99.78,1
35,71,0,111.4,99.78,1
35,71,0,118.52,99.78,1
35,71,0,125.81,99.23,1
35,71,0,132.41,99.78,1
35,71,0,139.42,99.78,1
35,71,0,146.43,99.78,1
35,71,0,153.53,99.61,1
35,71,0,160.47,99.78,1
35,71,0,174.42,99.78,1
35,71,0,188.45,99.73,1
35,71,0,195.44,99.78,1
35,71,0,202.43,99.78,1
35,71,0,6.441,99.44,1
35,71,0,13.42,99.78,1
35,71,0,20.426,99.78,1
35,71,0,27.442,99.12,1
35,71,0,34.421,99.78,1
35,71,0,41.46,99.74,1
35,71,0,48.422,99.23,1
35,71,0,48.886,99.78,1
35,71,0,55.427,99.23,1
35,71,0,62.407,98.98,1
35,71,0,69.412,99.81,1
35,71,0,76.393,99.78,1
35,71,0,83.455,99.7,1
35,71,0,88.473,99.78,1
35,71,0,104.5,99.78,1
35,71,0,111.4,99.78,1
35,71,0,118.52,99.78,1
35,71,0,125.81,99.58,1
35,71,0,132.41,99.78,1
35,71,0,139.42,99.78,1
35,71,0,146.43,99.23,1
35,71,0,153.53,99.23,1
35,71,0,160.47,99.58,1
35,71,0,167.42,99.58,1
35,71,0,174.42,99.78,1
35,71,0,188.45,99.78,1
35,71,0,195.44,99.78,1
35,71,0,202.43,99.78,1
35,71,0,6.441,99.78,1
35,71,0,13.42,99.78,1
35,71,0,20.426,99.78,1
35,71,0,27.442,99.23,1
35,71,0,34.421,99.73,1
35,71,0,41.46,98.82,1
35,71,0,48.422,99.73,1
35,71,0,48.887,99.78,1
35,71,0,55.428,99.37,1
35,71,0,62.408,96.86,1
35,71,0,69.412,99.78,1
35,71,0,76.393,99.23,1
35,71,0,83.456,99.39,1
35,71,0,88.473,99.78,1
35,71,0,104.5,99.78,1
35,71,0,111.4,99.78,1
35,71,0,118.52,99.78,1
35,71,0,125.81,99.78,1
35,71,0,132.41,99.78,1
35,71,0,139.42,99.78,1
35,71,0,146.43,99.23,1
35,71,0,153.53,99.78,1
35,71,0,160.47,99.23,1
35,71,0,167.42,99.78,1
35,71,0,174.42,99.73,1
35,71,0,188.45,99.78,1
35,71,0,195.44,99.78,1
35,71,0,202.43,99.23,1
35,71,0,6.4424,99.5,1
35,71,0,20.428,99.78,1
35,71,0,34.422,99.78,1
35,71,0,41.462,99.81,1
35,71,0,48.424,99.23,1
35,71,0,48.888,99.23,1
35,71,0,55.429,99.81,1
35,71,0,62.409,99.64,1
35,71,0,69.414,99.81,1
35,71,0,76.394,99.78,1
35,71,0,83.457,99.23,1
35,71,0,88.474,99.78,1
35,71,0,104.5,99.78,1
35,71,0,111.4,99.78,1
35,71,0,118.52,99.78,1
35,71,0,125.81,99.61,1
35,71,0,132.41,99.78,1
35,71,0,139.42,99.78,1
35,71,0,146.43,99.78,1
35,71,0,153.53,99.78,1
35,71,0,160.47,99.23,1
35,71,0,167.42,99.78,1
35,71,0,174.42,99.78,1
35,71,0,188.45,99.78,1
35,71,0,195.44,99.78,1
35,71,0,202.43,99.78,1
35,71,0,6.4424,99.42,1
35,71,0,13.422,99.78,1
35,71,0,20.428,99.78,1
35,71,0,27.444,99.81,1
35,71,0,34.423,99.73,1
35,71,0,41.462,99.78,1
35,71,0,48.424,99.85,1
35,71,0,48.888,99.4,1
35,71,0,55.429,99.73,1
35,71,0,62.409,99.08,1
35,71,0,69.414,99.78,1
35,71,0,76.395,99.73,1
35,71,0,83.457,99.78,1
35,71,0,88.475,99.78,1
35,71,0,104.5,99.78,1
35,71,0,111.4,99.5,1
35,71,0,118.52,99.5,1
35,71,0,125.81,99.23,1
35,71,0,132.41,99.78,1
35,71,0,139.42,99.85,1
35,71,0,146.43,99.78,1
35,71,0,153.53,99.78,1
35,71,0,160.47,99.58,1
35,71,0,167.42,99.85,1
35,71,0,174.42,99.04,1
35,71,0,188.45,99.58,1
35,71,0,195.44,99.78,1
35,71,0,202.43,99.78,1
35,71,0,6.4431,99.28,1
35,71,0,13.422,99.78,1
35,71,0,20.428,99.78,1
35,71,0,27.444,99.78,1
35,71,0,34.423,99.23,1
35,71,0,41.463,99.46,1
35,71,0,48.424,99.78,1
35,71,0,48.889,99.22,1
35,71,0,55.429,99.78,1
35,71,0,62.41,99.85,1
35,71,0,69.415,99.78,1
35,71,0,76.395,99.59,1
35,71,0,83.457,99.58,1
35,71,0,88.475,99.78,1
35,71,0,104.5,99.78,1
35,71,0,111.4,99.57,1
35,71,0,118.52,99.85,1
35,71,0,125.81,99.5,1
35,71,0,132.41,99.78,1
35,71,0,139.42,99.73,1
35,71,0,146.43,98.78,1
35,71,0,153.53,99.18,1
35,71,0,160.47,99.78,1
35,71,0,167.42,99.78,1
35,71,0,174.42,99.64,1
35,71,0,188.45,99.78,1
35,71,0,195.44,99.7,1
35,71,0,202.43,99.78,1
36,62,1,8.3382,99.64,1
36,62,1,14.304,99.04,1
36,62,1,21.328,99.04,1
36,62,1,29.292,99.04,1
36,62,1,36.287,99.64,1
36,62,1,43.855,99.04,1
36,62,1,51.301,99.04,1
36,62,1,57.274,99.04,1
36,62,1,65.344,99.04,1
36,62,1,72.345,99.04,1
36,62,1,79.326,99.04,1
36,62,1,86.292,99.04,1
36,62,1,96.305,99.04,1
36,62,1,103.31,99.04,1
36,62,1,110.35,99.04,1
36,62,1,117.33,99.04,1
36,62,1,126.32,99.04,1
36,62,1,132.4,99.04,1
36,62,1,140.32,99.04,1
36,62,1,148.35,99.04,1
36,62,1,155.34,99.04,1
36,62,1,170.34,99.04,1
36,62,1,8.3382,99.04,1
36,62,1,14.304,99.04,1
36,62,1,21.328,99.04,1
36,62,1,29.292,99.04,1
36,62,1,36.287,99.04,1
36,62,1,43.855,99.04,1
36,62,1,51.301,99.04,1
36,62,1,57.275,99.04,1
36,62,1,65.344,99.04,1
36,62,1,72.345,99.04,1
36,62,1,79.326,99.04,1
36,62,1,86.292,99.04,1
36,62,1,96.305,99.04,1
36,62,1,103.31,99.04,1
36,62,1,110.35,99.04,1
36,62,1,117.33,99.04,1
36,62,1,126.32,99.04,1
36,62,1,132.4,99.04,1
36,62,1,140.32,99.04,1
36,62,1,170.34,99.04,1
36,62,1,8.3389,99.04,1
36,62,1,14.304,99.04,1
36,62,1,21.328,99.04,1
36,62,1,29.292,99.04,1
36,62,1,36.287,99.04,1
36,62,1,43.855,99.04,1
36,62,1,51.301,99.04,1
36,62,1,57.275,99.04,1
36,62,1,65.344,99.04,1
36,62,1,72.346,99.04,1
36,62,1,79.327,99.04,1
36,62,1,86.292,99.04,1
36,62,1,96.306,99.04,1
36,62,1,110.35,99.04,1
36,62,1,117.33,99.04,1
36,62,1,126.32,99.04,1
36,62,1,132.4,99.04,1
36,62,1,140.32,99.04,1
36,62,1,148.36,99.04,1
36,62,1,155.34,99.04,1
36,62,1,170.34,99.04,1
36,62,1,8.3403,99.04,1
36,62,1,14.306,99.04,1
36,62,1,21.33,99.04,1
36,62,1,29.293,99.04,1
36,62,1,36.289,99.04,1
36,62,1,43.856,99.04,1
36,62,1,51.303,99.04,1
36,62,1,57.276,99.04,1
36,62,1,65.346,99.04,1
36,62,1,72.347,99.04,1
36,62,1,79.328,99.04,1
36,62,1,86.294,99.04,1
36,62,1,96.307,99.04,1
36,62,1,103.31,99.04,1
36,62,1,110.35,99.04,1
36,62,1,117.34,99.04,1
36,62,1,126.32,99.04,1
36,62,1,132.41,99.04,1
36,62,1,140.32,99.04,1
36,62,1,148.36,99.04,1
36,62,1,155.35,97.09,1
36,62,1,170.34,99.04,1
36,62,1,8.3403,99.04,1
36,62,1,14.306,99.04,1
36,62,1,21.331,99.04,1
36,62,1,29.294,98.73,1
36,62,1,36.289,90.89,1
36,62,1,43.857,91.47,1
36,62,1,51.303,91.47,1
36,62,1,57.277,99.04,1
36,62,1,65.346,98.73,1
36,62,1,72.347,99.04,1
36,62,1,79.328,99.04,1
36,62,1,86.294,99.04,1
36,62,1,96.307,99.04,1
36,62,1,103.31,99.04,1
36,62,1,110.35,99.04,1
36,62,1,117.34,99.04,1
36,62,1,126.32,99.04,1
36,62,1,132.41,99.04,1
36,62,1,140.32,99.04,1
36,62,1,148.36,99.04,1
36,62,1,155.35,99.04,1
36,62,1,170.34,99.04,1
36,62,1,8.341,99.04,1
36,62,1,14.306,99.04,1
36,62,1,21.331,98.73,1
36,62,1,29.294,99.04,1
36,62,1,36.29,99.04,1
36,62,1,43.857,99.04,1
36,62,1,51.303,99.04,1
36,62,1,57.277,98.73,1
36,62,1,65.347,99.04,1
36,62,1,72.348,99.04,1
36,62,1,79.329,99.04,1
36,62,1,86.294,99.04,1
36,62,1,96.308,99.04,1
36,62,1,103.31,98.73,1
36,62,1,110.35,99.04,1
36,62,1,117.34,99.04,1
36,62,1,126.32,91.47,1
36,62,1,132.41,99.04,1
36,62,1,140.32,99.04,1
36,62,1,148.36,99.04,1
36,62,1,155.35,99.04,1
36,62,1,170.34,99.04,1
37,56,1,7.8688,91.79,1
37,56,1,14.766,99.04,1
37,56,1,21.751,99.64,1
37,56,1,28.722,99.04,1
37,56,1,35.924,98.26,1
37,56,1,42.724,94.58,1
37,56,1,49.84,92.69,1
37,56,1,56.762,96.17,1
37,56,1,63.793,99.37,1
37,56,1,71.808,13.29,0
37,56,1,77.734,90.53,1
37,56,1,84.716,43.32,0
37,56,1,98.846,98.52,1
37,56,1,105.79,92.26,1
37,56,1,113.8,64.36,1
37,56,1,119.81,35.68,0
37,56,1,126.74,39.77,0
37,56,1,133.71,44.87,0
37,56,1,140.81,96.64,1
37,56,1,147.73,7.59,0
37,56,1,156.75,77.43,1
37,56,1,161.74,80.52,1
37,56,1,168.78,4.84,0
37,56,1,175.82,92.52,1
37,56,1,14.766,99.78,1
37,56,1,21.752,92.81,1
37,56,1,28.722,99.04,1
37,56,1,35.925,92.24,1
37,56,1,42.724,98.28,1
37,56,1,49.841,97.56,1
37,56,1,56.762,26.46,0
37,56,1,63.793,97.76,1
37,56,1,71.808,51.56,1
37,56,1,77.734,56.38,1
37,56,1,84.717,98.01,1
37,56,1,98.846,51.56,1
37,56,1,105.79,83.33,1
37,56,1,113.8,7.59,0
37,56,1,119.81,86.87,1
37,56,1,126.74,4.84,0
37,56,1,133.71,91.47,1
37,56,1,140.81,5.54,0
37,56,1,147.73,11.72,0
37,56,1,156.75,81.41,1
37,56,1,161.74,75.02,1
37,56,1,168.78,52.49,1
37,56,1,175.82,99.04,1
37,56,1,7.8688,99.04,1
37,56,1,14.767,99.04,1
37,56,1,28.723,99.76,1
37,56,1,35.925,6.88,0
37,56,1,42.724,86.21,1
37,56,1,49.841,96.04,1
37,56,1,56.762,17.65,0
37,56,1,63.794,40.27,0
37,56,1,71.809,98.54,1
37,56,1,77.735,94.58,1
37,56,1,84.717,97.5,1
37,56,1,98.847,98.28,1
37,56,1,105.79,90.82,1
37,56,1,113.8,6.62,0
37,56,1,119.81,9.01,0
37,56,1,126.74,13.29,0
37,56,1,133.71,17.65,0
37,56,1,140.81,8.69,0
37,56,1,147.73,52.93,1
37,56,1,156.75,5.8,0
37,56,1,161.74,17.58,0
37,56,1,168.78,50.38,1
37,56,1,175.82,95.33,1
37,56,1,14.768,99.64,1
37,56,1,21.753,96.23,1
37,56,1,28.724,11.72,0
37,56,1,35.926,5.6,0
37,56,1,42.726,99.73,1
37,56,1,49.842,10.82,0
37,56,1,56.764,16.22,0
37,56,1,63.795,52.93,1
37,56,1,71.81,99.64,1
37,56,1,77.736,35.68,0
37,56,1,84.718,51.56,1
37,56,1,98.848,20.66,0
37,56,1,105.79,44.4,0
37,56,1,113.8,17.65,0
37,56,1,119.81,6.09,0
37,56,1,126.74,11.13,0
37,56,1,133.71,5.6,0
37,56,1,140.81,9.37,0
37,56,1,147.74,11.72,0
37,56,1,156.75,11.72,0
37,56,1,161.75,98.52,1
37,56,1,168.78,7.05,0
37,56,1,175.82,97.19,1
37,56,1,14.769,99.04,1
37,56,1,21.754,41.02,0
37,56,1,28.725,99.04,1
37,56,1,35.926,13.89,0
37,56,1,42.726,7.05,0
37,56,1,49.843,78.93,1
37,56,1,56.764,61.46,1
37,56,1,63.795,17.06,0
37,56,1,71.811,95.68,1
37,56,1,77.736,66.96,1
37,56,1,84.719,60.21,1
37,56,1,98.848,44.77,0
37,56,1,105.79,37.62,0
37,56,1,113.8,21.6,0
37,56,1,119.81,61.46,1
37,56,1,126.74,45.79,0
37,56,1,133.71,5.48,0
37,56,1,140.81,4.84,0
37,56,1,147.74,5.48,0
37,56,1,156.75,8.79,0
37,56,1,161.75,66.96,1
37,56,1,168.78,37.62,0
37,56,1,175.82,45.79,0
37,56,1,7.8708,94.58,1
37,56,1,14.769,99.04,1
37,56,1,21.754,84.52,1
37,56,1,28.725,99.04,1
37,56,1,35.927,19.24,0
37,56,1,42.726,11.72,0
37,56,1,49.844,20.7,0
37,56,1,56.765,70.86,1
37,56,1,63.796,95.64,1
37,56,1,71.811,5.88,0
37,56,1,77.737,93.34,1
37,56,1,84.719,19.18,0
37,56,1,98.849,97.15,1
37,56,1,105.79,17.77,0
37,56,1,113.8,35.26,0
37,56,1,119.81,92.96,1
37,56,1,126.74,95.15,1
37,56,1,133.71,61.46,1
37,56,1,140.81,24.78,0
37,56,1,147.74,56.97,1
37,56,1,156.75,6.09,0
37,56,1,161.75,65.93,1
37,56,1,168.78,56.38,1
37,56,1,175.82,15.82,0
38,67,0,7.7743,86.21,1
38,67,0,14.886,97.68,1
38,67,0,20.758,99.01,1
38,67,0,28.76,97.5,1
38,67,0,36.762,97.27,1
38,67,0,42.896,99.04,1
38,67,0,49.759,99.04,1
38,67,0,56.761,99.04,1
38,67,0,63.904,97.76,1
38,67,0,70.775,99.04,1
38,67,0,77.762,98.52,1
38,67,0,85.758,99.11,1
38,67,0,98.904,97.29,1
38,67,0,104.77,98.28,1
38,67,0,111.78,98.24,1
38,67,0,118.76,99.04,1
38,67,0,126.78,95.33,1
38,67,0,133.77,96.42,1
38,67,0,140.88,68.46,1
38,67,0,147.83,97.68,1
38,67,0,155.76,98.28,1
38,67,0,160.74,99.04,1
38,67,0,167.86,99.14,1
38,67,0,174.72,42.06,0
38,67,0,181.89,99.04,1
38,67,0,7.7743,84.52,1
38,67,0,14.887,99.17,1
38,67,0,20.759,97.5,1
38,67,0,28.76,96.92,1
38,67,0,36.762,93.75,1
38,67,0,42.897,97.5,1
38,67,0,49.759,99.04,1
38,67,0,56.762,99.64,1
38,67,0,63.905,81.23,1
38,67,0,70.775,98.28,1
38,67,0,77.762,99.04,1
38,67,0,85.758,97.29,1
38,67,0,98.905,99.04,1
38,67,0,104.77,99.04,1
38,67,0,111.78,99.04,1
38,67,0,118.76,98.52,1
38,67,0,126.78,99.04,1
38,67,0,133.77,95.31,1
38,67,0,140.88,99.37,1
38,67,0,147.83,93.75,1
38,67,0,155.76,99.04,1
38,67,0,160.74,97.33,1
38,67,0,167.86,99.04,1
38,67,0,174.73,98.52,1
38,67,0,181.89,99.04,1
38,67,0,7.775,98.4,1
38,67,0,14.887,99.04,1
38,67,0,20.759,98.35,1
38,67,0,28.76,99.04,1
38,67,0,36.762,97.98,1
38,67,0,42.897,96.77,1
38,67,0,49.76,99.04,1
38,67,0,56.762,99.04,1
38,67,0,63.906,97.75,1
38,67,0,70.775,99.04,1
38,67,0,77.762,99.04,1
38,67,0,85.759,95.77,1
38,67,0,98.906,93.75,1
38,67,0,104.77,99.04,1
38,67,0,111.78,99.04,1
38,67,0,118.76,92.52,1
38,67,0,126.78,91.47,1
38,67,0,133.77,86.18,1
38,67,0,140.88,97.74,1
38,67,0,147.84,94.54,1
38,67,0,155.76,98.68,1
38,67,0,160.74,95.85,1
38,67,0,167.86,95.94,1
38,67,0,174.73,98.52,1
38,67,0,181.89,98.28,1
38,67,0,7.7764,98.86,1
38,67,0,14.889,99.04,1
38,67,0,20.76,99.14,1
38,67,0,28.762,98.01,1
38,67,0,36.765,99.04,1
38,67,0,42.899,98.68,1
38,67,0,49.761,99.04,1
38,67,0,56.763,98.68,1
38,67,0,63.907,99.04,1
38,67,0,70.777,99.04,1
38,67,0,77.764,98.42,1
38,67,0,85.76,97.86,1
38,67,0,98.907,99.04,1
38,67,0,104.77,99.04,1
38,67,0,111.79,99.04,1
38,67,0,118.76,8.05,0
38,67,0,126.79,91.79,1
38,67,0,133.77,98.26,1
38,67,0,140.88,97.71,1
38,67,0,147.84,99.04,1
38,67,0,155.76,87.22,1
38,67,0,160.74,98.22,1
38,67,0,167.87,94.58,1
38,67,0,174.73,92.81,1
38,67,0,181.89,87.16,1
38,67,0,7.7771,98.28,1
38,67,0,14.889,97.5,1
38,67,0,20.761,98.01,1
38,67,0,28.762,98.52,1
38,67,0,36.765,99.04,1
38,67,0,49.762,99.04,1
38,67,0,56.764,97.68,1
38,67,0,63.908,98.52,1
38,67,0,70.777,97.19,1
38,67,0,77.764,11.72,0
38,67,0,85.761,89.5,1
38,67,0,98.908,99.04,1
38,67,0,104.77,99.04,1
38,67,0,111.79,48.43,0
38,67,0,118.76,98.52,1
38,67,0,126.79,98.01,1
38,67,0,133.77,97.34,1
38,67,0,140.88,97.64,1
38,67,0,147.84,95.64,1
38,67,0,155.76,99.04,1
38,67,0,160.74,97.02,1
38,67,0,167.87,92.52,1
38,67,0,174.73,99.28,1
38,67,0,181.89,99.28,1
38,67,0,7.7771,99.04,1
38,67,0,14.89,98.52,1
38,67,0,20.762,99.37,1
38,67,0,28.762,99.04,1
38,67,0,36.765,96.23,1
38,67,0,42.899,99.28,1
38,67,0,49.762,99.04,1
38,67,0,56.764,99.04,1
38,67,0,63.908,99.04,1
38,67,0,70.778,99.37,1
38,67,0,77.765,99.28,1
38,67,0,85.761,99.04,1
38,67,0,98.908,91.41,1
38,67,0,104.78,99.37,1
38,67,0,111.79,98.01,1
38,67,0,118.76,99.04,1
38,67,0,126.79,98.01,1
38,67,0,133.78,99.37,1
38,67,0,140.88,99.28,1
38,67,0,147.84,95.68,1
38,67,0,155.76,99.04,1
38,67,0,160.74,99.04,1
38,67,0,167.87,85.95,1
38,67,0,174.73,99.37,1
38,67,0,181.89,98.52,1
39,66,0,0.49861,95.33,1
39,66,0,5.5674,99.04,1
39,66,0,12.588,89.03,1
39,66,0,21.565,99.04,1
39,66,0,27.288,96.62,1
39,66,0,33.322,99.04,1
39,66,0,40.385,98.73,1
39,66,0,47.371,84.96,1
39,66,0,54.458,99.04,1
39,66,0,61.51,99.04,1
39,66,0,68.396,99.04,1
39,66,0,75.387,99.04,1
39,66,0,82.369,99.04,1
39,66,0,89.366,99.04,1
39,66,0,96.534,99.04,1
39,66,0,105.27,98.26,1
39,66,0,113.88,93.35,1
39,66,0,119.38,99.64,1
39,66,0,124.48,99.04,1
39,66,0,131.42,99.04,1
39,66,0,138.4,99.64,1
39,66,0,146.43,99.04,1
39,66,0,152.48,76.68,1
39,66,0,160.69,97.5,1
39,66,0,0.49861,72.0,1
39,66,0,5.5674,89.98,1
39,66,0,12.589,91.72,1
39,66,0,21.566,92.57,1
39,66,0,27.289,90.72,1
39,66,0,33.323,7.86,0
39,66,0,40.385,61.46,1
39,66,0,47.372,61.46,1
39,66,0,54.459,99.04,1
39,66,0,61.51,75.73,1
39,66,0,68.396,42.05,0
39,66,0,75.387,99.04,1
39,66,0,82.369,97.59,1
39,66,0,89.366,99.04,1
39,66,0,96.535,98.26,1
39,66,0,105.27,46.86,0
39,66,0,113.88,99.78,1
39,66,0,119.38,61.46,1
39,66,0,124.48,98.52,1
39,66,0,131.42,92.78,1
39,66,0,138.4,99.42,1
39,66,0,146.44,99.04,1
39,66,0,152.48,52.93,1
39,66,0,160.69,28.77,0
39,66,0,0.49931,92.48,1
39,66,0,5.5681,89.98,1
39,66,0,12.59,93.48,1
39,66,0,21.567,95.33,1
39,66,0,27.289,31.05,0
39,66,0,33.323,91.88,1
39,66,0,40.386,93.39,1
39,66,0,47.372,96.3,1
39,66,0,54.459,90.2,1
39,66,0,61.511,94.42,1
39,66,0,68.397,13.93,0
39,66,0,75.388,95.14,1
39,66,0,82.37,98.26,1
39,66,0,89.367,99.04,1
39,66,0,96.535,99.04,1
39,66,0,105.27,96.33,1
39,66,0,113.88,97.67,1
39,66,0,119.39,61.46,1
39,66,0,124.48,99.28,1
39,66,0,131.42,32.68,0
39,66,0,138.4,95.06,1
39,66,0,146.44,89.37,1
39,66,0,152.48,97.5,1
39,66,0,160.69,95.53,1
39,66,0,0.50069,99.04,1
39,66,0,5.5694,97.5,1
39,66,0,12.591,91.53,1
39,66,0,21.568,97.23,1
39,66,0,27.29,89.74,1
39,66,0,33.325,20.25,0
39,66,0,40.387,99.04,1
39,66,0,47.374,31.81,0
39,66,0,54.46,98.26,1
39,66,0,61.512,92.26,1
39,66,0,68.398,98.26,1
39,66,0,75.39,99.04,1
39,66,0,82.372,85.43,1
39,66,0,89.368,99.04,1
39,66,0,96.537,99.78,1
39,66,0,105.27,85.1,1
39,66,0,113.88,99.61,1
39,66,0,119.39,8.13,0
39,66,0,124.48,99.04,1
39,66,0,138.4,86.21,1
39,66,0,146.44,99.78,1
39,66,0,152.49,97.5,1
39,66,0,160.69,99.04,1
39,66,0,0.50139,97.5,1
39,66,0,5.5701,34.51,0
39,66,0,12.592,94.48,1
39,66,0,21.569,99.04,1
39,66,0,27.291,54.35,1
39,66,0,33.325,70.07,1
39,66,0,40.388,61.46,1
39,66,0,47.374,97.8,1
39,66,0,54.461,97.09,1
39,66,0,61.513,6.77,0
39,66,0,68.399,85.43,1
39,66,0,75.39,95.53,1
39,66,0,82.372,99.04,1
39,66,0,89.369,99.18,1
39,66,0,96.537,97.5,1
39,66,0,105.27,88.44,1
39,66,0,113.88,45.24,0
39,66,0,119.39,42.05,0
39,66,0,124.48,88.51,1
39,66,0,131.42,96.17,1
39,66,0,138.4,97.18,1
39,66,0,146.44,94.14,1
39,66,0,152.49,94.31,1
39,66,0,160.69,90.34,1
39,66,0,0.50139,99.04,1
39,66,0,5.5701,31.17,0
39,66,0,12.592,94.69,1
39,66,0,21.569,33.18,0
39,66,0,27.292,29.33,0
39,66,0,33.326,95.14,1
39,66,0,40.388,97.74,1
39,66,0,47.374,60.21,1
39,66,0,54.462,87.13,1
39,66,0,61.513,87.94,1
39,66,0,68.399,95.11,1
39,66,0,75.391,90.5,1
39,66,0,82.372,96.59,1
39,66,0,89.369,97.98,1
39,66,0,96.537,97.02,1
39,66,0,105.27,94.38,1
39,66,0,113.88,99.04,1
39,66,0,119.39,99.04,1
39,66,0,124.48,37.14,0
39,66,0,131.42,95.31,1
39,66,0,138.4,89.22,1
39,66,0,146.44,46.86,0
39,66,0,152.49,99.04,1
39,66,0,160.7,96.72,1
40,85,1,7.7368,99.78,1
40,85,1,14.698,97.5,1
40,85,1,21.71,99.64,1
40,85,1,35.702,99.64,1
40,85,1,43.713,99.64,1
40,85,1,50.704,92.52,1
40,85,1,56.697,99.64,1
40,85,1,64.772,99.64,1
40,85,1,71.701,99.04,1
40,85,1,78.702,97.5,1
40,85,1,91.753,97.5,1
40,85,1,98.742,95.33,1
40,85,1,106.72,99.04,1
40,85,1,112.7,99.04,1
40,85,1,119.75,99.74,1
40,85,1,127.73,99.04,1
40,85,1,138.47,97.5,1
40,85,1,141.71,97.19,1
40,85,1,148.66,94.58,1
40,85,1,153.74,99.04,1
40,85,1,162.71,99.04,1
40,85,1,169.71,99.04,1
40,85,1,176.71,98.73,1
40,85,1,7.7375,99.04,1
40,85,1,14.699,99.04,1
40,85,1,21.711,97.5,1
40,85,1,35.702,99.04,1
40,85,1,43.713,97.5,1
40,85,1,50.704,99.37,1
40,85,1,56.697,99.04,1
40,85,1,64.773,95.33,1
40,85,1,71.701,99.04,1
40,85,1,78.702,98.52,1
40,85,1,91.754,91.53,1
40,85,1,98.742,99.04,1
40,85,1,106.72,95.33,1
40,85,1,112.7,99.04,1
40,85,1,119.75,97.66,1
40,85,1,127.73,42.06,0
40,85,1,138.47,91.47,1
40,85,1,141.71,97.5,1
40,85,1,148.66,86.21,1
40,85,1,153.74,86.46,1
40,85,1,162.71,99.04,1
40,85,1,169.71,99.04,1
40,85,1,176.71,91.47,1
40,85,1,7.7375,95.33,1
40,85,1,14.699,97.5,1
40,85,1,21.711,26.96,0
40,85,1,28.706,97.5,1
40,85,1,35.703,99.04,1
40,85,1,43.713,99.04,1
40,85,1,50.705,95.33,1
40,85,1,56.697,89.98,1
40,85,1,64.773,89.98,1
40,85,1,71.701,88.39,1
40,85,1,78.703,99.04,1
40,85,1,91.754,99.04,1
40,85,1,98.742,93.99,1
40,85,1,106.72,99.04,1
40,85,1,112.7,99.04,1
40,85,1,119.75,99.04,1
40,85,1,127.73,97.09,1
40,85,1,138.47,92.52,1
40,85,1,141.71,90.82,1
40,85,1,148.66,92.52,1
40,85,1,153.74,81.25,1
40,85,1,162.71,94.58,1
40,85,1,169.71,99.04,1
40,85,1,176.71,99.04,1
40,85,1,7.7389,86.21,1
40,85,1,14.7,99.04,1
40,85,1,21.713,99.78,1
40,85,1,28.707,99.37,1
40,85,1,35.704,90.89,1
40,85,1,43.715,94.35,1
40,85,1,50.706,28.97,0
40,85,1,56.698,99.04,1
40,85,1,64.774,93.99,1
40,85,1,71.702,99.78,1
40,85,1,78.704,99.04,1
40,85,1,91.756,95.33,1
40,85,1,98.744,89.72,1
40,85,1,106.72,94.58,1
40,85,1,112.7,99.04,1
40,85,1,119.75,51.56,1
40,85,1,127.73,96.23,1
40,85,1,138.47,86.21,1
40,85,1,141.71,97.5,1
40,85,1,148.66,51.56,1
40,85,1,153.74,96.59,1
40,85,1,162.71,27.59,0
40,85,1,169.71,86.21,1
40,85,1,176.71,99.04,1
40,85,1,7.7389,95.33,1
40,85,1,14.701,97.68,1
40,85,1,21.713,51.56,1
40,85,1,28.708,99.14,1
40,85,1,35.704,94.58,1
40,85,1,43.715,99.04,1
40,85,1,50.706,99.42,1
40,85,1,56.699,99.04,1
40,85,1,64.774,96.9,1
40,85,1,71.703,95.33,1
40,85,1,78.704,99.28,1
40,85,1,91.756,95.33,1
40,85,1,98.744,85.73,1
40,85,1,106.72,94.58,1
40,85,1,112.7,99.04,1
40,85,1,119.75,97.19,1
40,85,1,127.73,97.0,1
40,85,1,138.47,99.37,1
40,85,1,141.71,99.04,1
40,85,1,148.66,99.04,1
40,85,1,153.74,90.01,1
40,85,1,162.71,27.59,0
40,85,1,169.71,77.38,1
40,85,1,176.71,97.5,1
40,85,1,7.7396,99.04,1
40,85,1,14.701,97.68,1
40,85,1,21.713,94.58,1
40,85,1,28.708,99.04,1
40,85,1,35.704,87.87,1
40,85,1,43.715,92.52,1
40,85,1,50.707,72.06,1
40,85,1,56.699,99.37,1
40,85,1,64.775,86.21,1
40,85,1,71.703,87.16,1
40,85,1,78.705,92.52,1
40,85,1,91.756,94.58,1
40,85,1,98.744,90.89,1
40,85,1,106.72,95.94,1
40,85,1,112.7,92.52,1
40,85,1,119.75,97.19,1
40,85,1,127.73,95.18,1
40,85,1,138.47,21.76,0
40,85,1,141.71,90.82,1
40,85,1,148.66,99.04,1
40,85,1,153.74,93.75,1
40,85,1,162.71,97.19,1
40,85,1,169.71,98.52,1
40,85,1,176.71,10.51,0
41,68,1,2.4861,99.64,1
41,68,1,7.484,99.78,1
41,68,1,14.49,99.78,1
41,68,1,21.613,99.74,1
41,68,1,28.472,99.78,1
41,68,1,35.478,99.78,1
41,68,1,42.515,99.78,1
41,68,1,49.514,99.78,1
41,68,1,56.606,99.78,1
41,68,1,63.606,99.78,1
41,68,1,70.484,99.78,1
41,68,1,77.487,99.65,1
41,68,1,84.497,99.78,1
41,68,1,91.523,99.78,1
41,68,1,98.507,99.78,1
41,68,1,105.49,99.64,1
41,68,1,189.65,99.78,1
41,68,1,112.56,99.78,1
41,68,1,119.49,99.78,1
41,68,1,126.49,99.78,1
41,68,1,133.52,99.78,1
41,68,1,140.52,99.78,1
41,68,1,147.63,99.59,1
41,68,1,154.49,99.83,1
41,68,1,161.51,99.78,1
41,68,1,169.5,99.64,1
41,68,1,182.57,99.38,1
41,68,1,2.4868,99.78,1
41,68,1,7.484,99.78,1
41,68,1,14.491,99.78,1
41,68,1,21.613,99.78,1
41,68,1,28.472,99.74,1
41,68,1,35.478,99.78,1
41,68,1,42.515,99.78,1
41,68,1,49.514,99.78,1
41,68,1,56.606,99.78,1
41,68,1,63.607,99.78,1
41,68,1,70.485,99.78,1
41,68,1,77.487,99.78,1
41,68,1,84.497,99.38,1
41,68,1,91.523,99.78,1
41,68,1,98.508,99.78,1
41,68,1,105.49,99.64,1
41,68,1,189.65,99.65,1
41,68,1,112.56,99.78,1
41,68,1,119.49,99.64,1
41,68,1,126.49,99.78,1
41,68,1,133.52,99.78,1
41,68,1,140.52,99.78,1
41,68,1,147.63,99.78,1
41,68,1,154.49,99.78,1
41,68,1,161.51,99.78,1
41,68,1,169.5,99.64,1
41,68,1,175.5,99.78,1
41,68,1,182.57,99.78,1
41,68,1,2.4868,99.78,1
41,68,1,7.4847,99.78,1
41,68,1,14.491,99.78,1
41,68,1,21.613,99.07,1
41,68,1,28.472,99.78,1
41,68,1,35.478,99.78,1
41,68,1,42.515,99.65,1
41,68,1,49.515,99.78,1
41,68,1,56.606,99.78,1
41,68,1,63.607,99.78,1
41,68,1,70.485,99.78,1
41,68,1,77.488,99.78,1
41,68,1,84.497,99.78,1
41,68,1,91.524,99.78,1
41,68,1,98.508,99.38,1
41,68,1,105.49,99.04,1
41,68,1,189.65,99.83,1
41,68,1,112.56,99.04,1
41,68,1,119.49,99.59,1
41,68,1,126.49,99.78,1
41,68,1,133.52,99.64,1
41,68,1,140.52,99.78,1
41,68,1,147.63,99.78,1
41,68,1,161.51,99.64,1
41,68,1,169.5,99.69,1
41,68,1,175.5,99.78,1
41,68,1,182.57,99.65,1
41,68,1,2.4882,99.78,1
41,68,1,7.4861,99.78,1
41,68,1,14.492,99.74,1
41,68,1,21.615,99.78,1
41,68,1,28.474,99.78,1
41,68,1,35.48,99.78,1
41,68,1,42.517,99.78,1
41,68,1,49.516,99.78,1
41,68,1,56.608,99.78,1
41,68,1,63.609,99.78,1
41,68,1,70.486,99.38,1
41,68,1,77.489,99.78,1
41,68,1,84.498,99.65,1
41,68,1,91.525,99.78,1
41,68,1,98.509,99.54,1
41,68,1,105.5,99.74,1
41,68,1,189.65,99.78,1
41,68,1,112.56,99.78,1
41,68,1,119.49,99.34,1
41,68,1,126.49,99.8,1
41,68,1,133.52,99.78,1
41,68,1,140.52,99.78,1
41,68,1,147.63,99.78,1
41,68,1,154.49,99.64,1
41,68,1,161.52,99.78,1
41,68,1,169.5,99.64,1
41,68,1,175.5,99.65,1
41,68,1,182.57,99.78,1
41,68,1,2.4889,98.47,1
41,68,1,7.4861,99.04,1
41,68,1,14.492,99.29,1
41,68,1,21.615,98.86,1
41,68,1,28.474,99.11,1
41,68,1,35.481,96.07,1
41,68,1,42.517,99.49,1
41,68,1,49.517,98.5,1
41,68,1,56.608,96.1,1
41,68,1,63.609,96.8,1
41,68,1,70.487,99.64,1
41,68,1,77.489,99.04,1
41,68,1,84.499,97.46,1
41,68,1,91.526,99.04,1
41,68,1,98.51,99.04,1
41,68,1,105.5,98.26,1
41,68,1,189.65,99.29,1
41,68,1,112.56,99.37,1
41,68,1,119.49,99.29,1
41,68,1,126.49,98.86,1
41,68,1,133.52,99.04,1
41,68,1,140.52,99.37,1
41,68,1,147.63,98.3,1
41,68,1,154.49,99.04,1
41,68,1,161.52,99.04,1
41,68,1,169.5,99.37,1
41,68,1,175.5,99.04,1
41,68,1,182.57,99.04,1
41,68,1,2.4896,94.47,1
41,68,1,7.4868,99.15,1
41,68,1,14.493,99.18,1
41,68,1,21.615,99.29,1
41,68,1,28.475,99.57,1
41,68,1,35.481,99.29,1
41,68,1,42.517,97.46,1
41,68,1,49.517,99.04,1
41,68,1,56.608,98.48,1
41,68,1,63.61,97.74,1
41,68,1,70.488,98.75,1
41,68,1,77.49,99.14,1
41,68,1,84.499,99.04,1
41,68,1,91.526,99.04,1
41,68,1,98.51,99.04,1
41,68,1,105.5,99.04,1
41,68,1,189.65,99.18,1
41,68,1,112.56,99.37,1
41,68,1,126.49,98.86,1
41,68,1,133.52,99.04,1
41,68,1,140.52,99.29,1
41,68,1,147.63,98.26,1
41,68,1,154.49,99.04,1
41,68,1,161.52,99.04,1
41,68,1,169.5,99.37,1
41,68,1,175.5,99.04,1
41,68,1,182.57,99.64,1
42,61,0,-4.2625,99.28,1
42,61,0,0.39583,87.16,1
42,61,0,9.7104,99.04,1
42,61,0,16.708,99.04,1
42,61,0,23.758,97.5,1
42,61,0,30.642,98.68,1
42,61,0,37.769,96.72,1
42,61,0,44.637,58.95,1
42,61,0,51.759,75.73,1
42,61,0,58.759,90.89,1
42,61,0,65.754,99.04,1
42,61,0,79.774,65.84,1
42,61,0,86.764,85.43,1
42,61,0,93.543,60.67,1
42,61,0,100.76,58.95,1
42,61,0,106.76,91.47,1
42,61,0,115.64,99.04,1
42,61,0,121.63,95.11,1
42,61,0,128.67,95.53,1
42,61,0,136.8,81.25,1
42,61,0,142.79,99.04,1
42,61,0,149.83,99.64,1
42,61,0,156.81,97.5,1
42,61,0,163.73,99.04,1
42,61,0,170.73,91.47,1
42,61,0,-4.2625,99.78,1
42,61,0,0.39653,99.04,1
42,61,0,9.7111,46.86,0
42,61,0,16.708,91.45,1
42,61,0,23.759,99.78,1
42,61,0,30.642,91.72,1
42,61,0,37.77,97.5,1
42,61,0,44.638,96.59,1
42,61,0,51.759,78.03,1
42,61,0,58.759,97.5,1
42,61,0,65.754,99.04,1
42,61,0,79.774,87.13,1
42,61,0,86.765,97.5,1
42,61,0,93.543,98.26,1
42,61,0,100.76,94.68,1
42,61,0,106.76,7.05,0
42,61,0,115.64,80.97,1
42,61,0,121.63,97.5,1
42,61,0,128.67,48.41,0
42,61,0,136.8,43.75,0
42,61,0,142.79,89.5,1
42,61,0,149.83,99.04,1
42,61,0,156.81,66.16,1
42,61,0,163.73,99.04,1
42,61,0,170.73,98.26,1
42,61,0,-4.2618,98.26,1
42,61,0,0.39653,39.75,0
42,61,0,9.7111,98.73,1
42,61,0,16.709,91.79,1
42,61,0,23.759,99.18,1
42,61,0,30.643,96.05,1
42,61,0,37.77,97.5,1
42,61,0,44.638,98.68,1
42,61,0,51.76,99.04,1
42,61,0,58.76,91.79,1
42,61,0,65.754,87.54,1
42,61,0,79.774,91.72,1
42,61,0,86.765,86.21,1
42,61,0,93.544,97.5,1
42,61,0,100.76,82.53,1
42,61,0,106.76,96.42,1
42,61,0,115.64,2.03,0
42,61,0,121.63,77.37,1
42,61,0,128.67,63.6,1
42,61,0,136.8,88.23,1
42,61,0,142.79,92.86,1
42,61,0,149.83,87.73,1
42,61,0,156.81,83.65,1
42,61,0,163.73,17.27,0
42,61,0,170.73,65.66,1
42,61,0,-4.2604,97.5,1
42,61,0,0.39861,91.55,1
42,61,0,9.7125,99.64,1
42,61,0,16.71,92.87,1
42,61,0,23.76,99.04,1
42,61,0,30.644,91.72,1
42,61,0,37.772,97.5,1
42,61,0,44.64,97.5,1
42,61,0,51.761,6.77,0
42,61,0,58.761,96.72,1
42,61,0,65.756,96.59,1
42,61,0,79.776,98.68,1
42,61,0,86.766,85.43,1
42,61,0,93.545,77.38,1
42,61,0,100.76,97.5,1
42,61,0,106.76,10.13,0
42,61,0,115.65,89.17,1
42,61,0,121.63,99.04,1
42,61,0,128.67,90.16,1
42,61,0,136.8,79.91,1
42,61,0,142.79,37.14,0
42,61,0,149.83,96.55,1
42,61,0,156.82,78.99,1
42,61,0,163.73,91.81,1
42,61,0,170.73,97.93,1
42,61,0,-4.2597,65.0,1
42,61,0,0.39861,97.5,1
42,61,0,9.7132,79.36,1
42,61,0,16.711,90.82,1
42,61,0,23.761,99.28,1
42,61,0,30.644,8.79,0
42,61,0,37.772,6.81,0
42,61,0,44.64,92.5,1
42,61,0,51.762,45.79,0
42,61,0,58.761,97.5,1
42,61,0,65.756,85.43,1
42,61,0,79.776,44.87,0
42,61,0,86.767,66.96,1
42,61,0,93.545,91.79,1
42,61,0,100.77,24.06,0
42,61,0,106.76,45.79,0
42,61,0,115.65,21.6,0
42,61,0,121.63,92.38,1
42,61,0,128.67,26.2,0
42,61,0,136.8,31.06,0
42,61,0,142.79,27.46,0
42,61,0,149.84,8.83,0
42,61,0,156.82,93.68,1
42,61,0,163.73,26.2,0
42,61,0,170.73,34.34,0
42,61,0,-4.2597,95.14,1
42,61,0,0.39931,99.04,1
42,61,0,9.7139,60.1,1
42,61,0,16.711,30.44,0
42,61,0,23.761,99.04,1
42,61,0,30.645,86.18,1
42,61,0,37.772,91.72,1
42,61,0,44.64,6.04,0
42,61,0,51.762,27.3,0
42,61,0,58.762,6.61,0
42,61,0,65.757,13.89,0
42,61,0,79.777,77.43,1
42,61,0,86.767,66.96,1
42,61,0,93.546,97.86,1
42,61,0,100.77,30.89,0
42,61,0,106.76,20.95,0
42,61,0,115.65,99.04,1
42,61,0,121.63,89.03,1
42,61,0,128.67,13.89,0
42,61,0,136.8,91.79,1
42,61,0,142.79,76.58,1
42,61,0,149.84,37.14,0
42,61,0,156.82,90.89,1
42,61,0,163.73,91.72,1
42,61,0,170.73,88.39,1
